{
  "method": "Ridge (alpha=1.0) from selected subset",
  "overall_mae": 7.406202437079689,
  "per_benchmark_mae": {
    "AIME 2025": 8.481052010078423,
    "ARC-AGI-1": 8.311518100056162,
    "ARC-AGI-2": 7.837833405049912,
    "Arena-Hard Auto": 8.063810885096029,
    "BrowseComp": 7.522182316555033,
    "Chatbot Arena Elo": 7.131262629459596,
    "CMIMC 2025": 12.5711776788834,
    "Codeforces Rating": 7.931783597463562,
    "FrontierMath": 9.625547238389434,
    "GPQA Diamond": 5.860474813948801,
    "GSM8K": 4.603408684898283,
    "HLE (Humanity's Last Exam)": 8.02387010782634,
    "HMMT Feb 2025": 4.923720388902155,
    "HMMT Nov 2025": 10.602033155985271,
    "HumanEval": 5.963007468484194,
    "IFEval": 6.26124663419486,
    "LiveBench": 9.876880775960165,
    "LiveCodeBench": 6.536825590600372,
    "MATH-500": 8.579898159862772,
    "MMLU": 5.55024578709644,
    "MMLU-Pro": 5.55861608147309,
    "MMMU": 9.35625732821485,
    "SimpleQA": 9.577175196107854,
    "SMT 2025": 7.061793800280924,
    "SWE-bench Pro": 11.488280888957975,
    "SWE-bench Verified": 8.711717232113875,
    "Tau-Bench Retail": 7.163131959385484,
    "Terminal-Bench 2.0": 4.303820939271584
  },
  "evaluation_protocol": "LOO on observed entries",
  "n_predictor_benchmarks": 7,
  "achieves_mae_under_5": false
}