{
  "singular_values": [
    814.5075349064982,
    690.8512187845548,
    663.9312547224615,
    470.8123878111315,
    118.68830045258197,
    110.2349842157828,
    98.69599976734149,
    94.81255087897176,
    87.92034627640979,
    76.94794767603105,
    73.98147829638911,
    71.40453126827897,
    67.3141748652703,
    59.47779361713637,
    57.237483504227235,
    54.04540646525679,
    53.299252085835654,
    50.84282216130502,
    45.40888415178661,
    45.06481566777444,
    39.70738923006757,
    37.55841529004325,
    35.11193930518235,
    33.678447436907426,
    31.10753621531563,
    29.728517948396185,
    25.138773082819668,
    20.525508365214847,
    19.136961603224982,
    17.728670645363373,
    14.82464226836951,
    13.611381849573725,
    12.71942648241477,
    10.361182972582496,
    8.156504810872967
  ],
  "variance_explained_cumulative": [
    0.34810280166607344,
    0.5985328067567095,
    0.8298263628807704,
    0.9461352951092158,
    0.9535268044185613,
    0.9599029201998357,
    0.9650140440835785,
    0.969730860447215,
    0.973786843072504,
    0.976893629420822,
    0.9797654897625924,
    0.9824407673508229,
    0.9848183211850853,
    0.9866745307461745,
    0.9883935406106628,
    0.9899261619954538,
    0.9914167565692014,
    0.9927731216625685,
    0.9938550511715117,
    0.9949206469813554,
    0.9957479411673238,
    0.9964881117585758,
    0.9971349965493645,
    0.9977301396881296,
    0.9982378880570222,
    0.9987016165957102,
    0.9990332096780116,
    0.9992542671253754,
    0.9994464272523912,
    0.9996113458564502,
    0.99972666084246,
    0.9998238732595534,
    0.9999087624447509,
    0.9999650919572228,
    1.0000000000000002
  ],
  "effective_rank_cv": 4,
  "effective_rank_90pct": 4,
  "effective_rank_95pct": 5,
  "cv_rank_results": {
    "1": 13.58841236562691,
    "2": 13.786813165988669,
    "3": 13.021770864932451,
    "4": 12.85480111137702,
    "5": 13.637067668790834,
    "7": 14.455336498163751,
    "10": 18.867074760543115,
    "15": 21.6289797916719
  },
  "method": "iterative_svd_em_with_cv"
}