{
  "method": "SVD on min-max normalized (0-100), rank-5 iterative imputed matrix",
  "singular_values": [
    2372.7915286254224,
    502.61437758159167,
    435.11760718994094,
    345.0620172326097,
    302.7263788882108,
    104.14033829045154,
    89.35245015450295,
    81.60276958684554,
    70.55609486407133,
    68.72206263305029,
    58.348762042619576,
    56.933048667924055,
    54.90749471345632,
    52.65417214251643,
    43.390826105222104,
    40.020573363032256,
    39.00888974554952,
    33.589941661477276,
    32.52606971956179,
    30.295092750957142,
    24.35850165281185
  ],
  "variance_explained": [
    0.8881572323495338,
    0.039851117625177616,
    0.02986647757896863,
    0.018783001970983402,
    0.014456768360206217,
    0.0017108370962807243,
    0.0012594578049949499,
    0.0010504623422874604,
    0.0007853075291509492,
    0.0007450116470805406,
    0.0005370738199026265,
    0.0005113279948053245,
    0.0004755913500756013,
    0.0004373571876292221,
    0.00029700689226199416,
    0.00025266047195280397,
    0.00024004787727739826,
    0.00017798737148938044,
    0.00016689136527651207,
    0.0001447822305718821,
    9.359913409278764e-05
  ],
  "cumulative_variance_explained": [
    0.8881572323495338,
    0.9280083499747114,
    0.95787482755368,
    0.9766578295246634,
    0.9911145978848697,
    0.9928254349811504,
    0.9940848927861453,
    0.9951353551284328,
    0.9959206626575837,
    0.9966656743046642,
    0.9972027481245669,
    0.9977140761193722,
    0.9981896674694478,
    0.9986270246570771,
    0.9989240315493391,
    0.9991766920212919,
    0.9994167398985693,
    0.9995947272700586,
    0.9997616186353351,
    0.999906400865907,
    0.9999999999999998
  ],
  "cv_mae_by_rank": {
    "1": 14.62723215944387,
    "2": 10.849430763693892,
    "3": 13.971609777800255,
    "4": 14.623966001464387,
    "5": 16.27438923231338,
    "6": 20.42384787433732,
    "7": 18.16914017203012,
    "8": 16.68458376967432,
    "9": 19.899512651519892,
    "10": 18.21225265570865
  },
  "best_cv_rank": 2
}