{
  "singular_values": [
    26.250285340866018,
    20.842948101993503,
    13.614979284556886,
    12.642859174688292,
    11.804089706625534,
    9.996281004047328,
    9.591434199631578,
    9.173742097045654,
    8.99580308043594,
    7.8649400186626375,
    7.632834423126378,
    7.496677878938689,
    6.899596786830979,
    6.713759023402433,
    6.599077568380162,
    6.085058219371244,
    5.816807159250345,
    5.73604163227168,
    5.053599724859485,
    4.844853797724465,
    4.686683054681628,
    4.442772184059059,
    4.399239459322176,
    4.023231049174042,
    3.7609129745996808,
    3.736673824891756,
    3.3292543888994492,
    3.1053209561683075,
    2.7795694632044037,
    2.4882732281667774,
    2.314449771252209,
    2.1959307480431467,
    1.9643855257201728,
    1.7452779239038594,
    1.5953813146444582
  ],
  "variance_explained": [
    0.2660530812652069,
    0.16773300601636867,
    0.07157052545131787,
    0.06171501471467183,
    0.05379788949886602,
    0.038581325834701745,
    0.035519540542803985,
    0.03249326025602612,
    0.031244970294201077,
    0.023883120269174166,
    0.022494270784117,
    0.02169891089597248,
    0.018380091050520617,
    0.01740330510591414,
    0.01681383195115763,
    0.014296499433643845,
    0.013063801362125904,
    0.012703541933264085,
    0.009860567636718099,
    0.00906278313564679,
    0.008480694229745147,
    0.007620936169671398,
    0.0074723196217981805,
    0.006249570685342885,
    0.005461183939193911,
    0.00539101593576494,
    0.004279511500388515,
    0.0037231730659529182,
    0.0029830140543546033,
    0.0023905419529002005,
    0.0020682153450383807,
    0.0018618192471819834,
    0.0014898882214899314,
    0.0011760598577861651,
    0.0009827187409716916
  ],
  "cumulative_variance": [
    0.2660530812652069,
    0.4337860872815755,
    0.5053566127328935,
    0.5670716274475652,
    0.6208695169464312,
    0.659450842781133,
    0.6949703833239369,
    0.7274636435799631,
    0.7587086138741641,
    0.7825917341433383,
    0.8050860049274553,
    0.8267849158234277,
    0.8451650068739484,
    0.8625683119798625,
    0.8793821439310201,
    0.893678643364664,
    0.9067424447267899,
    0.919445986660054,
    0.929306554296772,
    0.9383693374324188,
    0.946850031662164,
    0.9544709678318354,
    0.9619432874536336,
    0.9681928581389765,
    0.9736540420781704,
    0.9790450580139354,
    0.9833245695143239,
    0.9870477425802768,
    0.9900307566346315,
    0.9924212985875317,
    0.9944895139325701,
    0.9963513331797521,
    0.997841221401242,
    0.9990172812590281,
    0.9999999999999998
  ],
  "effective_rank_90pct": 17,
  "effective_rank_95pct": 22,
  "method": "SVD on z-scored cleaned matrix (column-mean imputed, benchmarks>=10 models, models>=8 benchmarks)"
}