{
  "singular_values": [
    3210.2117982579603,
    903.5415571818428,
    784.1622290266748,
    640.7519376440753,
    545.2381637009877,
    110.8247011456269,
    106.57480761489236,
    91.96236123925856,
    80.3690363536386,
    78.10934340943828,
    75.50212689948792,
    69.92851614860137,
    63.54467259298468,
    61.41338238428609,
    59.18581714605057,
    58.03094746857227,
    53.13634873049678,
    51.88538818891041,
    47.84063667760274,
    46.95569338752865,
    41.09506591098776,
    38.9759903977026,
    37.99402550698184,
    33.9693570403059,
    30.150137817592658,
    28.16719621021452,
    25.612307515764748,
    22.875807820357903,
    20.913827369697774,
    18.037709931391227,
    16.840940526975665,
    13.39135680777199,
    11.61919842279644,
    11.275801929047201,
    7.515070013868915
  ],
  "variance_explained": [
    0.8221496237217066,
    0.06512980135358534,
    0.04905636094630897,
    0.032753924651461534,
    0.023716794045390243,
    0.0009798432991261808,
    0.0009061343706448787,
    0.0006746891354967355,
    0.0005153010309931468,
    0.0004867315111597902,
    0.00045478052751283084,
    0.00039011451991558785,
    0.0003221378694663721,
    0.00030089122573228813,
    0.00027945944060293556,
    0.00026865987721796274,
    0.00022525109263114873,
    0.00021477000632653064,
    0.00018259016907031946,
    0.0001758976371021351,
    0.00013472954774019737,
    0.00012119307602371185,
    0.00011516330214818055,
    9.20572808711271e-05,
    7.252071756050196e-05,
    6.329519284199938e-05,
    5.233363539914874e-05,
    4.174806664074148e-05,
    3.489398154384248e-05,
    2.5956509276291674e-05,
    2.262643715180089e-05,
    1.430647541565404e-05,
    1.0770499027288583e-05,
    1.0143278879737021e-05,
    4.505568028017212e-06
  ],
  "cumulative_variance": [
    0.8221496237217066,
    0.887279425075292,
    0.936335786021601,
    0.9690897106730625,
    0.9928065047184528,
    0.9937863480175789,
    0.9946924823882238,
    0.9953671715237206,
    0.9958824725547137,
    0.9963692040658735,
    0.9968239845933863,
    0.9972140991133018,
    0.9975362369827682,
    0.9978371282085005,
    0.9981165876491034,
    0.9983852475263213,
    0.9986104986189525,
    0.998825268625279,
    0.9990078587943493,
    0.9991837564314514,
    0.9993184859791916,
    0.9994396790552154,
    0.9995548423573636,
    0.9996468996382347,
    0.9997194203557952,
    0.9997827155486372,
    0.9998350491840363,
    0.999876797250677,
    0.9999116912322209,
    0.9999376477414972,
    0.999960274178649,
    0.9999745806540646,
    0.999985351153092,
    0.9999954944319717,
    0.9999999999999997
  ],
  "effective_rank_90pct": 3,
  "variance_at_effective_rank": 0.936335786021601,
  "imputation_rank_used": 5
}