{
  "singular_values": [
    22.23382663852401,
    13.71940175996348,
    8.758129957361332,
    8.331652413752016,
    7.270336775314974,
    6.608079741213215,
    6.240150770289097,
    6.120774457293003,
    5.659494131976735,
    5.139601317559945,
    4.879411171811513,
    4.686975368249293,
    4.392209503578583,
    4.280902395860846,
    4.089225422327346,
    3.9031085373905383,
    3.7460542978770346,
    3.58325388003219,
    3.469170741822177,
    3.307271262908944,
    3.2327761788674114,
    3.095107726559194,
    2.959612940402682,
    2.809142513498387,
    2.7034093851816623,
    2.6599953006153267,
    2.467588340785826,
    2.3045544902512,
    2.226671908626136,
    2.1669866432786846,
    2.112770638694204,
    1.9499342500557877,
    1.758681894532311,
    1.7091823202672418,
    1.6365463811705798,
    1.5240713499062444,
    1.403305788071222,
    1.2946267378753087,
    1.196131291534872,
    1.0643153659757616,
    0.9585141083693652,
    0.7712922491692851,
    0.7094424401197146,
    0.6883649995447201,
    0.47661968687730716,
    0.4065505986052498,
    0.3676822716720784,
    0.25355170093354784,
    0.22948657232339456
  ],
  "variance_explained": [
    0.37280772774656096,
    0.1419471980778952,
    0.05784678759429109,
    0.05235025033452472,
    0.03986259187518652,
    0.03293115977845589,
    0.029366124913981606,
    0.028253303135030508,
    0.02415525929855135,
    0.019921192838208084,
    0.017955243879033935,
    0.016566921645984608,
    0.014548645794363511,
    0.013820607332494062,
    0.012610682167879533,
    0.011488881036689973,
    0.0105828980412089,
    0.009683037985494525,
    0.009076278760116917,
    0.008248901362340362,
    0.00788147950426288,
    0.00722450364932611,
    0.006605813542231528,
    0.005951192806292634,
    0.005511630696748335,
    0.0053360294112335,
    0.004592000165597394,
    0.004005257464960005,
    0.003739115979385188,
    0.003541350763309367,
    0.0033663648353908855,
    0.002867453679894892,
    0.002332550532545821,
    0.0022030951764058157,
    0.002019822064647451,
    0.0017517296226282363,
    0.0014851185028915486,
    0.0012639957695487654,
    0.0010789819506703475,
    0.0008542739051675106,
    0.0006928727722044639,
    0.00044863629987075,
    0.00037956906172173055,
    0.00035735020557933815,
    0.00017131698787256584,
    0.0001246481065054954,
    0.00010195343356104075,
    4.848300531394817e-05,
    3.971650594022669e-05
  ],
  "cumulative_variance": [
    0.37280772774656096,
    0.5147549258244561,
    0.5726017134187472,
    0.6249519637532719,
    0.6648145556284584,
    0.6977457154069142,
    0.7271118403208958,
    0.7553651434559263,
    0.7795204027544776,
    0.7994415955926857,
    0.8173968394717196,
    0.8339637611177042,
    0.8485124069120678,
    0.8623330142445618,
    0.8749436964124413,
    0.8864325774491313,
    0.8970154754903402,
    0.9066985134758347,
    0.9157747922359517,
    0.9240236935982921,
    0.9319051731025549,
    0.9391296767518811,
    0.9457354902941126,
    0.9516866831004053,
    0.9571983137971536,
    0.962534343208387,
    0.9671263433739844,
    0.9711316008389445,
    0.9748707168183296,
    0.978412067581639,
    0.9817784324170299,
    0.9846458860969248,
    0.9869784366294706,
    0.9891815318058764,
    0.9912013538705239,
    0.9929530834931521,
    0.9944382019960437,
    0.9957021977655924,
    0.9967811797162628,
    0.9976354536214302,
    0.9983283263936347,
    0.9987769626935055,
    0.9991565317552272,
    0.9995138819608066,
    0.9996851989486791,
    0.9998098470551846,
    0.9999118004887456,
    0.9999602834940595,
    0.9999999999999998
  ],
  "effective_rank_90pct": 18,
  "ratio_rank_10pct": 29,
  "method": "SVD on z-scored mean-imputed matrix"
}