{
  "singular_values": [
    24.419678622420005,
    17.73464136620133,
    12.060592742637342,
    10.711221793213982,
    9.677678925337066,
    8.754075110237764,
    8.681612140487028,
    7.43932601396309,
    7.080601187542068,
    6.492460876208204,
    6.137105720910704,
    5.7462184533343015,
    5.404507531507411,
    5.201391792086782,
    5.0003757427378215,
    4.4195651191992775,
    4.196807229422577,
    4.0798445171923605,
    3.8746883715432294,
    3.585959419272694,
    3.4729507067114826,
    3.1866539191378527,
    2.886017853429767,
    2.563693724883823,
    2.3904767467777863,
    2.3116533680822,
    1.9046160487603434,
    1.779166072166352,
    1.7604795879595703
  ],
  "variance_explained": [
    0.32129348277062303,
    0.16945986227789833,
    0.07837171190935154,
    0.06181587947382656,
    0.05046199858939286,
    0.04128977965284714,
    0.04060904599022183,
    0.02981873466704091,
    0.027012345461757608,
    0.022711232882055055,
    0.020293139347863618,
    0.017790423768017045,
    0.01573744701407345,
    0.014576765395898564,
    0.013471852138233195,
    0.01052400638084209,
    0.009489865797916809,
    0.008968281942060646,
    0.008089013995998016,
    0.006928397067171632,
    0.006498591924163676,
    0.005471316379502496,
    0.004487661126247498,
    0.0035412314197245088,
    0.003078868037114928,
    0.002879170955908285,
    0.001954505545902727,
    0.0017055128838081057,
    0.0016698752045378757
  ],
  "cumulative_variance": [
    0.32129348277062303,
    0.49075334504852136,
    0.5691250569578729,
    0.6309409364316995,
    0.6814029350210923,
    0.7226927146739395,
    0.7633017606641613,
    0.7931204953312022,
    0.8201328407929598,
    0.8428440736750148,
    0.8631372130228784,
    0.8809276367908955,
    0.8966650838049689,
    0.9112418492008675,
    0.9247137013391007,
    0.9352377077199427,
    0.9447275735178595,
    0.9536958554599202,
    0.9617848694559182,
    0.9687132665230899,
    0.9752118584472536,
    0.980683174826756,
    0.9851708359530036,
    0.9887120673727281,
    0.991790935409843,
    0.9946701063657513,
    0.996624611911654,
    0.9983301247954621,
    1.0
  ],
  "effective_rank_90pct": 14,
  "effective_rank_80pct": 9,
  "method": "SVD on z-scored filtered matrix (mean-imputed, benchmarks >= 15 obs, models >= 10 obs)",
  "matrix_shape": [
    65,
    29
  ]
}