{
  "singular_values": [
    541.0675617394055,
    377.4049477919547,
    231.01925795040526,
    212.2347175178208,
    179.90960408612708,
    172.26366088579408,
    165.28805578091706,
    162.05114529775454,
    150.34122325479612,
    133.77214631398215,
    126.29561854737906,
    123.79586690941542,
    119.58735098206446,
    107.6783213950371,
    102.78848412832713,
    96.9510903513042,
    93.89018844061987,
    86.73792704362064,
    85.46968670118572,
    82.00115191637825,
    81.10375168069262,
    77.74828008087357,
    72.80707941649361,
    69.16077542061525,
    65.84490209448653,
    60.11750747289829,
    59.11760337118002,
    52.10715799874386,
    49.62641592160327,
    44.32563468226135,
    43.9634744258454,
    38.638208313500805,
    38.31319156755235,
    30.71943168288061,
    23.955150880574497
  ],
  "variance_explained_cumulative": [
    0.3464822773552183,
    0.5150572930283638,
    0.5782219873609062,
    0.6315322577128605,
    0.6698400148514069,
    0.7049608936763878,
    0.7372950082062226,
    0.7683750961697804,
    0.7951257369136056,
    0.8163049305065014,
    0.8351828703691979,
    0.8533209089197478,
    0.8702466822828823,
    0.883969224739504,
    0.8964737426366736,
    0.9075983175557403,
    0.9180315396204196,
    0.9269357642421777,
    0.9355815058895702,
    0.9435397624543155,
    0.95132478577954,
    0.9584789616269117,
    0.9647526833318064,
    0.9704137430664106,
    0.9755449832337683,
    0.9798223841866278,
    0.9839586807449938,
    0.9871721400415262,
    0.9900869070949175,
    0.9924122550893546,
    0.9946997600493261,
    0.996466660123512,
    0.9982039596128149,
    0.9993208341336282,
    1.0
  ],
  "effective_rank_90pct": 16,
  "effective_rank_95pct": 21,
  "method": "SVD on min-max normalized, mean-imputed, column-centered matrix",
  "matrix_shape": [
    80,
    35
  ]
}