{
  "singular_values": [
    3239.8790841852256,
    769.5512014632573,
    661.7080993436527,
    529.3343239784036,
    501.2308801688576,
    116.58993798560574,
    114.3453267662913,
    92.13828003842977,
    82.08343381281708,
    80.69020698731121,
    78.1171770398085,
    73.53167274278158,
    68.51189049178657,
    66.2334508658589,
    63.16349172450704,
    58.12723616855766,
    55.69594680172634,
    53.72869707978145,
    51.8901738260338,
    50.46914594984364,
    42.526063949783456,
    40.43468467064178,
    39.39665041528688,
    38.376954136585844,
    32.34278940046262,
    31.676567052229796,
    26.985268947508512,
    22.859681329198995,
    21.417662262345278,
    19.082921705555425,
    17.3090397619468,
    14.881465815871879,
    13.990714172571849,
    12.183102625670768,
    7.838878995289573
  ],
  "variance_explained": [
    0.8634081247374349,
    0.04871173157360229,
    0.03601566413748972,
    0.023047224861287654,
    0.02066494080880628,
    0.0011181000563198944,
    0.0010754627349827443,
    0.0006982946724071698,
    0.0005542038760917485,
    0.0005355501999602987,
    0.0005019397706666503,
    0.0004447412558694285,
    0.0003860916681364416,
    0.0003608388523392138,
    0.0003281638868886553,
    0.00027791876679212756,
    0.00025515595520822157,
    0.00023744943737171302,
    0.00022147707427292555,
    0.00020951274063111432,
    0.0001487540855849197,
    0.00013448277065536323,
    0.0001276665505696766,
    0.0001211433371329397,
    8.604258954728562e-05,
    8.253435171373484e-05,
    5.989795956936697e-05,
    4.298321246896667e-05,
    3.7731377299552165e-05,
    2.9953547425591083e-05,
    2.4643618551657995e-05,
    1.8215871287011863e-05,
    1.6100460398571197e-05,
    1.2208838021590283e-05,
    5.0543632145142185e-06
  ],
  "cumulative_variance": [
    0.8634081247374349,
    0.9121198563110372,
    0.9481355204485269,
    0.9711827453098145,
    0.9918476861186208,
    0.9929657861749407,
    0.9940412489099234,
    0.9947395435823305,
    0.9952937474584223,
    0.9958292976583826,
    0.9963312374290493,
    0.9967759786849187,
    0.9971620703530552,
    0.9975229092053943,
    0.9978510730922829,
    0.9981289918590751,
    0.9983841478142833,
    0.998621597251655,
    0.9988430743259279,
    0.999052587066559,
    0.9992013411521439,
    0.9993358239227992,
    0.9994634904733689,
    0.9995846338105019,
    0.9996706764000491,
    0.9997532107517628,
    0.9998131087113322,
    0.9998560919238012,
    0.9998938233011008,
    0.9999237768485264,
    0.9999484204670781,
    0.9999666363383651,
    0.9999827367987637,
    0.9999949456367853,
    0.9999999999999998
  ],
  "effective_rank_90pct": 2,
  "effective_rank_95pct": 4,
  "method": "SVD on min-max normalized (0-100) + iteratively imputed matrix",
  "matrix_shape": [
    80,
    35
  ]
}