{
  "singular_values": [
    3724.3347848539047,
    405.3691848841282,
    348.28254182050443,
    233.9177507818302,
    216.57476321364894,
    182.24404559152967,
    173.0434812033423,
    172.0819397935697,
    165.22508429822403,
    158.33949821583184,
    145.57371250511136,
    134.5796178881461,
    129.77892720307534,
    126.89477453036979,
    123.00109321884824,
    114.01988042082672,
    105.97078362458193,
    104.95109550130988,
    98.34856723843673,
    93.89686946750248,
    89.82366582571822,
    88.87944936749228,
    86.2859168594593,
    81.6109863893008,
    79.31772406244377,
    75.29235490802789,
    72.93319098052646,
    71.47863249452796,
    67.47277853274086,
    62.33746469285112,
    60.78883114951403,
    54.28594998653817,
    53.595590395884706,
    49.825489480838755,
    47.968914260254415,
    43.251625314468285,
    38.97118732122611,
    38.545725309612315,
    33.56764104958074,
    33.23930540343174,
    30.590130691354982,
    23.718635334059176,
    18.664185362166613,
    14.248920872566629,
    12.76187938481011
  ],
  "variance_explained": [
    0.9481828396265028,
    0.011233009543087587,
    0.008291976740462217,
    0.0037404256218821824,
    0.003206345817628168,
    0.0022703946763914943,
    0.0020469401819105796,
    0.00202425513894095,
    0.0018661503420584844,
    0.001713851516555181,
    0.001448640357699715,
    0.0012380929375381453,
    0.001151338491249082,
    0.0011007333915786883,
    0.001034219226811929,
    0.0008887013234139858,
    0.0007676565434581179,
    0.0007529542984015359,
    0.000661196794340352,
    0.0006026940315073839,
    0.0005515389842726358,
    0.0005400044954120911,
    0.0005089492760089869,
    0.0004552939909576563,
    0.0004300660426554534,
    0.0003875220562848247,
    0.00036361776666358293,
    0.00034925862088240796,
    0.0003112087893418421,
    0.0002656396718032177,
    0.00025260517888054355,
    0.000201451056325097,
    0.00019635989140021293,
    0.00016970624033493844,
    0.00015729482762220223,
    0.00012787908750394047,
    0.00010382021872011542,
    0.00010156570999289313,
    7.702581628240314e-05,
    7.552635822799063e-05,
    6.39671982881549e-05,
    3.845688119020364e-05,
    2.3812924907597273e-05,
    1.3879014004551793e-05,
    1.1133300617591252e-05
  ],
  "cumulative_variance": [
    0.9481828396265028,
    0.9594158491695904,
    0.9677078259100527,
    0.9714482515319348,
    0.974654597349563,
    0.9769249920259544,
    0.9789719322078649,
    0.9809961873468059,
    0.9828623376888644,
    0.9845761892054197,
    0.9860248295631194,
    0.9872629225006576,
    0.9884142609919067,
    0.9895149943834853,
    0.9905492136102972,
    0.9914379149337113,
    0.9922055714771694,
    0.9929585257755709,
    0.9936197225699113,
    0.9942224166014186,
    0.9947739555856913,
    0.9953139600811034,
    0.9958229093571124,
    0.99627820334807,
    0.9967082693907255,
    0.9970957914470103,
    0.9974594092136739,
    0.9978086678345564,
    0.9981198766238982,
    0.9983855162957015,
    0.9986381214745821,
    0.9988395725309072,
    0.9990359324223074,
    0.9992056386626423,
    0.9993629334902645,
    0.9994908125777684,
    0.9995946327964885,
    0.9996961985064814,
    0.9997732243227638,
    0.9998487506809918,
    0.9999127178792799,
    0.9999511747604701,
    0.9999749876853777,
    0.9999888666993823,
    0.9999999999999999
  ],
  "effective_rank_90pct": 1,
  "effective_rank_ratio": 5,
  "effective_rank_cv": 3,
  "cv_results": {
    "1": 19.675146061634003,
    "2": 18.297546068118002,
    "3": 17.14526989036689,
    "4": 17.223685479848346,
    "5": 17.248274713278875,
    "7": 17.61325229912504,
    "10": 18.741648667630972
  },
  "effective_rank": 3
}