{
  "singular_values": [
    33.39241984129079,
    3.9138968033707195,
    3.202931436358924,
    2.1715071953937164,
    2.1209412751634207,
    1.7534544325038204,
    1.693865150270348,
    1.6281233603696117,
    1.573349736618859,
    1.487844068011612,
    1.3302007328182897,
    1.2623663760166204,
    1.2359974405948722,
    1.172238832790722,
    1.0519520445382524,
    0.9741835050872409,
    0.962374803868693,
    0.9110898846033031,
    0.8615553844307674,
    0.8403389482384115,
    0.8120091518157224,
    0.7840692034114657,
    0.729438042406531,
    0.696146419842498,
    0.6878620870915103,
    0.6232251226583356,
    0.5926261685660059,
    0.5707977585029193,
    0.5190584392533782,
    0.48758213230550695,
    0.4429076230844699,
    0.4278420759068056,
    0.3842446811268673,
    0.32291268998174144,
    0.2414521151209868
  ],
  "variance_explained_cumulative": [
    0.9452173070534314,
    0.9582026858179598,
    0.966898918767076,
    0.9708961422145911,
    0.9747093736849559,
    0.9773156763568734,
    0.9797478442247676,
    0.9819948826341053,
    0.9840932736796097,
    0.9859697829591523,
    0.9874697103853957,
    0.98882055911088,
    0.9901155628539059,
    0.9912804077178544,
    0.9922184615562188,
    0.9930229455809545,
    0.9938080444812594,
    0.9945116971361161,
    0.9951409167946808,
    0.9957395280334973,
    0.9962984584302327,
    0.9968195867476843,
    0.9972706242976727,
    0.9976814305726642,
    0.9980825176105987,
    0.9984117676110823,
    0.9987094804267513,
    0.9989856656245498,
    0.9992140510542835,
    0.9994155772215745,
    0.9995818657121441,
    0.999737033963657,
    0.999862189944997,
    0.9999505805498414,
    1.0000000000000004
  ],
  "effective_rank_90pct": 1,
  "effective_rank_95pct": 2,
  "method": "SVD on min-max normalized, column-mean imputed cleaned matrix",
  "matrix_shape": [
    80,
    35
  ]
}