{
  "singular_values": [
    846.2165957096925,
    727.3320267647399,
    660.895178049666,
    569.4391021519438,
    535.4061842333703,
    112.00816204684156,
    91.96227729495416,
    82.91483684265987,
    79.8939242824271,
    75.37629970499113,
    72.3845302292578,
    69.91468127427925,
    68.26195301146768,
    60.18687536862974,
    56.97983462097294,
    54.45311310747374,
    52.723713332578306,
    50.98717022864978,
    48.005364925600645,
    44.05370786544942,
    40.56164281405553,
    39.68091133099468,
    38.867175221318114,
    33.92616380774978,
    30.355863910206928,
    28.382008134027565,
    24.664128663920728,
    23.212204413761356,
    20.426849710830737,
    17.321634722121594,
    15.992204332982292,
    13.30318566246211,
    12.71039268433675,
    11.166373206736028,
    8.6638531354544,
    8.190604057006821,
    7.418106410126392,
    7.09921579375724,
    4.466876885182069,
    2.207849063357139
  ],
  "variance_explained_cumulative": [
    0.30119766285562655,
    0.5237099223331486,
    0.7074287593067401,
    0.84381893624857,
    0.9643933856589048,
    0.9696703949985381,
    0.9732275923120022,
    0.9761192908936274,
    0.9788041161727744,
    0.9811938974174902,
    0.9833977373165447,
    0.9854537476130861,
    0.9874137018903446,
    0.9889373760966298,
    0.9903029993079367,
    0.9915501931222033,
    0.992719424606062,
    0.9938129033365042,
    0.9947822253413723,
    0.9955985322198878,
    0.9962905537297145,
    0.9969528492181425,
    0.9975882598502821,
    0.9980723854303707,
    0.998459976458293,
    0.9987988009233797,
    0.999054671339589,
    0.9992813033721967,
    0.9994568091054865,
    0.9995830111157935,
    0.9996905845866336,
    0.9997650234658338,
    0.9998329761251372,
    0.9998854221768482,
    0.9999169948013541,
    0.999945212421659,
    0.9999683583518363,
    0.9999895570541437,
    0.9999979496534053,
    0.9999999999999998
  ],
  "effective_rank_90pct": 5,
  "effective_rank_95pct": 5,
  "total_variance": 2377450.4757619645,
  "method": "SVD on min-max normalized (0-100), mean-imputed, column-centered matrix"
}