{
  "singular_values": [
    485.694039014955,
    331.1310930724259,
    222.00701488518277,
    196.47939916752097,
    175.19112552430656,
    156.19658144379534,
    150.07449670847174,
    145.62588130826805,
    131.31538403231352,
    124.6962584908484,
    120.33359603689499,
    111.7346591674185,
    101.57908160236144,
    100.0716037636204,
    91.62117024754548,
    87.97913910141818,
    81.33397921619499,
    80.96474076730694,
    74.74344880632576,
    74.34579366185046,
    72.25081000253084,
    70.89518835429925,
    57.558008837155974,
    56.6685006234362,
    54.12615830298511,
    49.83486975785172,
    48.50774571227822,
    44.51419161473593,
    40.12302640746046,
    38.663256466413884,
    35.048226073631334,
    30.254504127109165,
    26.84631853316747,
    21.70411183483891,
    21.0858541849103
  ],
  "variance_explained": [
    0.34379103410738043,
    0.15979711163632906,
    0.07182942572361313,
    0.05626042938289096,
    0.04472941365620021,
    0.03555593051060936,
    0.032823341463011725,
    0.030906237167475027,
    0.025130447132552042,
    0.022660831680606112,
    0.021102931548853322,
    0.018194696546236348,
    0.015037566590971158,
    0.014594550359557241,
    0.012233780069149833,
    0.011280501706728892,
    0.009640799267573939,
    0.009553463727110566,
    0.008141703190529597,
    0.008055301565045105,
    0.007607718600794345,
    0.007324913845972769,
    0.004828147426046702,
    0.004680071018978641,
    0.004269562805075344,
    0.003619392272083244,
    0.0034291871219511985,
    0.0028877924821829448,
    0.002346153197025571,
    0.0021785416142375284,
    0.0017901980621713913,
    0.0013339792618333075,
    0.0010503607321510464,
    0.0006865197516625415,
    0.0006479647754093845
  ],
  "cumulative_variance": [
    0.34379103410738043,
    0.5035881457437095,
    0.5754175714673226,
    0.6316780008502136,
    0.6764074145064138,
    0.7119633450170232,
    0.7447866864800349,
    0.7756929236475099,
    0.8008233707800619,
    0.823484202460668,
    0.8445871340095213,
    0.8627818305557577,
    0.8778193971467289,
    0.8924139475062861,
    0.904647727575436,
    0.9159282292821649,
    0.9255690285497388,
    0.9351224922768493,
    0.9432641954673789,
    0.951319497032424,
    0.9589272156332184,
    0.9662521294791911,
    0.9710802769052378,
    0.9757603479242164,
    0.9800299107292918,
    0.9836493030013751,
    0.9870784901233263,
    0.9899662826055092,
    0.9923124358025348,
    0.9944909774167724,
    0.9962811754789438,
    0.9976151547407771,
    0.9986655154729281,
    0.9993520352245907,
    1.0
  ],
  "effective_rank_90pct": 15,
  "effective_rank_95pct": 20,
  "best_cv_rank": 1,
  "cv_rank_scores": {
    "1": 11.112,
    "2": 11.9738,
    "3": 14.8441,
    "4": 14.9395,
    "5": 14.9315,
    "6": 16.5151,
    "8": 15.5687,
    "10": 20.1121
  },
  "method": "SVD on iteratively completed min-max normalized matrix with CV rank selection"
}