{
  "singular_values": [
    541.0675617394056,
    377.4049477919547,
    231.0192579504054,
    212.23471751782046,
    179.90960408612693,
    172.2636608857941,
    165.288055780917,
    162.0511452977545,
    150.34122325479595,
    133.77214631398212,
    126.29561854737906,
    123.7958669094154,
    119.58735098206442,
    107.67832139503703,
    102.7884841283271,
    96.9510903513042,
    93.89018844061984,
    86.73792704362066,
    85.46968670118581,
    82.00115191637822,
    81.1037516806927,
    77.74828008087358,
    72.80707941649362,
    69.16077542061524,
    65.8449020944865,
    60.11750747289821,
    59.11760337117998,
    52.107157998743894,
    49.62641592160331,
    44.325634682261345,
    43.96347442584539,
    38.638208313500805,
    38.313191567552344,
    30.719431682880654,
    23.955150880574497
  ],
  "variance_explained_cumulative": [
    0.34648227735521847,
    0.515057293028364,
    0.5782219873609065,
    0.6315322577128607,
    0.6698400148514072,
    0.704960893676388,
    0.7372950082062228,
    0.7683750961697806,
    0.7951257369136058,
    0.8163049305065017,
    0.8351828703691981,
    0.853320908919748,
    0.8702466822828825,
    0.8839692247395042,
    0.8964737426366738,
    0.9075983175557405,
    0.9180315396204198,
    0.9269357642421779,
    0.9355815058895706,
    0.9435397624543157,
    0.9513247857795403,
    0.9584789616269119,
    0.9647526833318066,
    0.9704137430664109,
    0.9755449832337686,
    0.979822384186628,
    0.9839586807449942,
    0.9871721400415264,
    0.9900869070949179,
    0.9924122550893549,
    0.9946997600493264,
    0.9964666601235123,
    0.9982039596128153,
    0.9993208341336285,
    1.0000000000000002
  ],
  "effective_rank_90pct": 16,
  "effective_rank_95pct": 21,
  "total_variance": 844932.4121316887,
  "matrix_shape": [
    80,
    35
  ],
  "note": "SVD on column-centered, min-max normalized (0-100), mean-imputed filtered matrix"
}