{
  "singular_values": [
    21.760159952324077,
    13.598449981914413,
    8.635687089246325,
    8.03149450217436,
    6.984881734103797,
    6.426804828028592,
    6.088492332742628,
    5.665289330513222,
    5.331071793060086,
    4.968830718904712,
    4.615743968666412,
    4.320528402028922,
    4.220042667154946,
    3.91638369023138,
    3.8700324898217344,
    3.5220095476268853,
    3.372309791217802,
    3.0885154723567867,
    3.074488137533927,
    2.9486703938211423,
    2.8522289340656575,
    2.7721904756017777,
    2.7370167206124014,
    2.3877170501517244,
    2.356683562774822,
    2.107916456535106,
    2.020436932031674,
    1.8884847551160389,
    1.8108348280738868,
    1.6364921048356635,
    1.5380378165796624,
    1.3685553916014244,
    1.3112845198015741,
    1.0756617286043055,
    0.9167782690049318
  ],
  "singular_values_completed": [
    3769.3907166680533,
    1027.1132079559811,
    963.901639423215,
    890.9361349976272,
    824.2353863269318,
    115.46458761250186,
    113.04042476125177,
    97.84487072835913,
    89.51681910563191,
    80.00497838666129,
    79.17218786101034,
    75.17947000198222,
    73.11079156390346,
    68.22157636602361,
    61.938810369949906
  ],
  "variance_explained_cumulative": [
    0.3913260835956437,
    0.5441507463317,
    0.6057830533592833,
    0.6590928913249503,
    0.6994140259029807,
    0.7335494145786597,
    0.7641855624182182,
    0.7907107716731165,
    0.8141986447828363,
    0.8346030073556719,
    0.8522105217228457,
    0.8676377660804809,
    0.88235574964462,
    0.8950318332885129,
    0.9074096444226252,
    0.9176613396735135,
    0.9270600779610702,
    0.9349434893850265,
    0.9427554541022471,
    0.9499411211199309,
    0.9566644350805271,
    0.9630157078350868,
    0.9692068322391463,
    0.9739185617528531,
    0.9785086092033101,
    0.9821807677055676,
    0.9855544581157474,
    0.9885018751986447,
    0.9912118940205996,
    0.9934252051025744,
    0.9953802136358216,
    0.9969281011233269,
    0.9983491483066914,
    0.9993053864508105,
    1.0000000000000004
  ],
  "effective_rank": 5,
  "effective_rank_80pct_filtered": 9,
  "effective_rank_90pct_filtered": 15,
  "variance_at_effective_rank_filtered": 0.6994140259029807,
  "cv_validation_mae": 14.872074206241233,
  "method": "Primary: SVD on z-scored mean-imputed filtered matrix. CV rank from iterative SVD completion on full normalized matrix."
}