{
  "singular_values": [
    3921.438526333207,
    1842.1147452657424,
    1485.2465716015433,
    1114.6060459242663,
    120.54784539589077,
    106.10991053585647,
    103.32162180867033,
    90.25187360172364,
    84.97901691356775,
    79.88263144881307,
    74.40708254478051,
    68.43770961476974,
    65.56938975736766,
    63.467744846964294,
    60.21471822990465,
    58.6400794984908,
    56.85665632821379,
    49.58726776857599,
    46.419100278633046,
    45.36825619344688,
    43.167094195453785,
    40.57004643285846,
    35.87222481168683,
    33.86944235851183,
    32.26438402925522,
    29.254733918573017,
    26.12891051437817,
    21.407312174807522,
    19.49518197667655,
    18.278253541188136,
    16.94783781363044,
    15.149846822455928,
    14.694428394743746,
    11.201031566780443,
    7.485072168350616
  ],
  "variance_explained_cumulative": [
    0.6888496167555344,
    0.8408577957600938,
    0.9396745797797359,
    0.9953260173666021,
    0.99597697466935,
    0.9964813403126102,
    0.9969595474212296,
    0.997324424054143,
    0.997647911181877,
    0.9979337612657813,
    0.9981817672450386,
    0.9983915764470591,
    0.9985841674000421,
    0.9987646102728496,
    0.9989270300519465,
    0.9990810662175987,
    0.9992258754428874,
    0.9993360227687045,
    0.9994325449294595,
    0.9995247463839281,
    0.999608218078173,
    0.9996819481417014,
    0.9997395916259654,
    0.9997909782032082,
    0.9998376098072981,
    0.9998759474939501,
    0.9999065302205039,
    0.9999270587519901,
    0.9999440837937352,
    0.9999590496990426,
    0.9999719162515635,
    0.9999821976001052,
    0.999991870105763,
    0.9999974902782026,
    1.0
  ],
  "effective_rank_90pct": 3,
  "effective_rank_95pct": 4,
  "total_variance": 22323711.506495234,
  "method": "SVD on iteratively imputed (rank-4) min-max normalized matrix",
  "matrix_description": "83 models x 35 benchmarks (filtered >=10 obs), min-max normalized to [0,100]"
}