{
  "singular_values": [
    541.0675617394061,
    377.4049477919549,
    231.01925795040566,
    212.2347175178204,
    179.90960408612682,
    172.26366088579397,
    165.2880557809172,
    162.0511452977545,
    150.3412232547959,
    133.772146313982,
    126.29561854737918,
    123.79586690941538,
    119.58735098206446,
    107.67832139503707,
    102.78848412832711,
    96.95109035130422,
    93.89018844061994,
    86.73792704362067,
    85.46968670118565,
    82.00115191637822,
    81.10375168069272,
    77.74828008087358,
    72.80707941649364,
    69.16077542061528,
    65.84490209448649,
    60.11750747289801,
    59.11760337117996,
    52.10715799874392,
    49.62641592160325,
    44.32563468226135,
    43.9634744258454,
    38.63820831350078,
    38.31319156755233,
    30.7194316828806,
    23.95515088057452
  ],
  "variance_explained_cumulative": [
    0.3464822773552188,
    0.5150572930283643,
    0.5782219873609069,
    0.6315322577128609,
    0.6698400148514072,
    0.7049608936763881,
    0.7372950082062228,
    0.7683750961697807,
    0.7951257369136058,
    0.8163049305065015,
    0.835182870369198,
    0.8533209089197479,
    0.8702466822828823,
    0.8839692247395041,
    0.8964737426366736,
    0.9075983175557404,
    0.9180315396204197,
    0.9269357642421778,
    0.9355815058895705,
    0.9435397624543156,
    0.9513247857795402,
    0.9584789616269118,
    0.9647526833318065,
    0.9704137430664108,
    0.9755449832337685,
    0.9798223841866279,
    0.9839586807449939,
    0.9871721400415263,
    0.9900869070949176,
    0.9924122550893548,
    0.9946997600493263,
    0.9964666601235121,
    0.9982039596128152,
    0.9993208341336283,
    1.0000000000000002
  ],
  "effective_rank_elbow": 2,
  "effective_rank_90pct": 16,
  "effective_rank_80pct": 10,
  "sv_ratios": [
    1.4336525392816801,
    1.6336514589315094,
    1.0885083300803886,
    1.179674195804571,
    1.044385119653308,
    1.0422027173828134,
    1.0199746226860364,
    1.0778889634489193,
    1.1238604402886976,
    1.0591986313745163
  ],
  "method": "SVD with elbow + cross-validation on mean-imputed min-max normalized matrix"
}