{
  "method": "ridge_regression_from_selected_subset",
  "overall_mae": 9.689071293685164,
  "per_benchmark_mae": {
    "AA Intelligence Index": 19.994309101725758,
    "AIME 2024": 9.270402352340167,
    "AIME 2025": 8.0370682361868,
    "ARC-AGI-2": 11.964306889841655,
    "Arena-Hard Auto": 6.3127446087151835,
    "Chatbot Arena Elo": 8.899390592064828,
    "CMIMC 2025": 19.006950841852138,
    "Codeforces Rating": 8.933072582356617,
    "CritPt": 20.112158531571655,
    "FrontierMath": 13.961449135498329,
    "GPQA Diamond": 7.381913000143024,
    "HLE (Humanity's Last Exam)": 12.889014545318195,
    "HMMT Feb 2025": 9.736158040691585,
    "HMMT Nov 2025": 14.369180552482561,
    "HumanEval": 6.5180681966576595,
    "IFEval": 6.6080841778678385,
    "LiveBench": 21.556539216128215,
    "LiveCodeBench": 8.483703837951985,
    "MATH-500": 6.391072764955829,
    "MathArena Apex 2025": 15.89459867612278,
    "MMLU": 7.031377596749092,
    "MMLU-Pro": 7.302826833845552,
    "MMMU": 10.012675644096879,
    "MRCR v2": 23.068395976371427,
    "SimpleQA": 11.261781849515662,
    "SMT 2025": 17.26674896539285,
    "SWE-bench Pro": 20.33877792318097,
    "SWE-bench Verified": 10.842682361769844,
    "Tau-Bench Retail": 13.247633651897539,
    "Tau-Bench Telecom": 16.758387681160507,
    "Terminal-Bench 2.0": 7.494375481659104,
    "USAMO 2025": 11.986606727255314
  },
  "evaluation_protocol": "5_fold_cross_validation_on_observed_entries",
  "n_predictor_benchmarks": 8,
  "predictor_benchmarks": [
    "ARC-AGI-1",
    "BRUMO 2025",
    "OSWorld",
    "BrowseComp",
    "GSM8K",
    "Video-MMU",
    "MMMU-Pro",
    "Terminal-Bench 1.0"
  ],
  "n_target_benchmarks": 32,
  "achieves_mae_under_5": false,
  "achieves_mae_under_10": true
}