{
  "singular_values": [
    3506.5953939250157,
    802.9735395357571,
    719.8472852209298,
    649.7050102407466,
    546.4644351226729,
    116.97266445679163,
    115.86903407750937,
    98.7237454044814,
    87.89812805805722,
    83.19868011181869,
    80.38399646948947,
    73.72053420162943,
    72.29678329319903,
    66.76253665003314,
    62.930826679702825,
    59.54688580350084,
    54.89862637296988,
    53.35405586835313,
    51.7188997276692,
    50.69028320414182,
    45.76472855348745,
    43.14287971310323,
    39.774912886346414,
    36.75683354160485,
    33.380948642010516,
    31.796245757092027,
    28.741911802482,
    25.421732321957915,
    22.692027287349788,
    20.164023279421492,
    19.855723728643163,
    16.269151177116257,
    14.222854830621941,
    12.610722700564155,
    12.466042802371764,
    10.15358727290523,
    6.96730967695934,
    6.21036665776335,
    5.020801477370348,
    4.007316514756359
  ],
  "variance_explained": [
    0.8608135582036952,
    0.0451377857748549,
    0.03627592747434386,
    0.029550866126401162,
    0.020905549518278277,
    0.0009578699476563973,
    0.0009398803194396924,
    0.000682308889324416,
    0.0005408751578454769,
    0.00048458576892415774,
    0.0004523524754849075,
    0.00038046501651818674,
    0.00036591122455816824,
    0.0003120350943078208,
    0.0002772455960996208,
    0.00024823092742343677,
    0.00021098944938957744,
    0.00019928410526930652,
    0.00018725625644079054,
    0.00017988179718740727,
    0.00014662214348329288,
    0.0001303034885420634,
    0.0001107531933208525,
    9.458319183908795e-05,
    7.800727944799755e-05,
    7.07765636291675e-05,
    5.7832116612270856e-05,
    4.524265320475946e-05,
    3.604826582766266e-05,
    2.8463753061916714e-05,
    2.760000912179267e-05,
    1.8529665190764028e-05,
    1.416156784608982e-05,
    1.113314164953808e-05,
    1.0879151136099269e-05,
    7.217333850224515e-06,
    3.3983492612582853e-06,
    2.700052854681166e-06,
    1.7647528100226877e-06,
    1.1242038676819743e-06
  ],
  "cumulative_variance": [
    0.8608135582036952,
    0.9059513439785501,
    0.942227271452894,
    0.9717781375792951,
    0.9926836870975734,
    0.9936415570452297,
    0.9945814373646694,
    0.9952637462539938,
    0.9958046214118393,
    0.9962892071807635,
    0.9967415596562484,
    0.9971220246727667,
    0.9974879358973249,
    0.9977999709916326,
    0.9980772165877323,
    0.9983254475151557,
    0.9985364369645453,
    0.9987357210698146,
    0.9989229773262553,
    0.9991028591234428,
    0.999249481266926,
    0.9993797847554681,
    0.999490537948789,
    0.999585121140628,
    0.999663128420076,
    0.9997339049837052,
    0.9997917371003174,
    0.9998369797535221,
    0.9998730280193499,
    0.9999014917724117,
    0.9999290917815336,
    0.9999476214467243,
    0.9999617830145704,
    0.99997291615622,
    0.999983795307356,
    0.9999910126412063,
    0.9999944109904675,
    0.9999971110433221,
    0.9999988757961321,
    0.9999999999999998
  ],
  "effective_rank_90pct": 2,
  "best_cv_rank": 5,
  "cv_mae_by_rank": {
    "1": 16.542831454552775,
    "2": 14.117577692918138,
    "3": 13.394905302454097,
    "4": 13.163620396184239,
    "5": 12.89165880950073,
    "6": 13.034378932847828,
    "7": 13.006476569097538,
    "8": 14.477092165954685,
    "9": 15.23573495524308,
    "10": 16.37540363591653,
    "11": 17.16663093728398
  },
  "n_models": 80,
  "n_benchmarks": 40
}