{
  "singular_values": [
    27.199105619731732,
    21.511025481605646,
    14.1407722584729,
    13.120877418513512,
    12.157753178681073,
    10.351179867336217,
    9.952322342184896,
    9.599091070640714,
    9.369173242686601,
    8.20932997682443,
    7.969810468765896,
    7.735388773304366,
    7.277001276797932,
    6.966573546999423,
    6.904307485999628,
    6.398660221314724,
    6.089162244610721,
    6.039203598203364,
    5.326657870478023,
    5.169402601162845,
    4.949953179782357,
    4.6522227165391605,
    4.627867334476229,
    4.36694085726323,
    4.015040713721658,
    3.8715967587547135,
    3.5755956542331813,
    3.2735877419060904,
    2.9702105968855013,
    2.770328910680515,
    2.569370318006784,
    2.467270743394681,
    2.2520017145965117,
    1.9133051629198616,
    1.667294797493456
  ],
  "variance_explained_cumulative": [
    0.26421119518332953,
    0.4294698442084322,
    0.5008846442320025,
    0.5623694386004519,
    0.6151590680124982,
    0.653425826814622,
    0.6888003696727479,
    0.7217084230236245,
    0.7530589256134369,
    0.7771278894235756,
    0.7998128461764508,
    0.8211829317029375,
    0.8400953415538371,
    0.8574286083344629,
    0.8744534161420452,
    0.8890758635091293,
    0.9023179695238409,
    0.9153436767026097,
    0.9254769924415831,
    0.9350208221747649,
    0.9437715494897783,
    0.9515012552770222,
    0.9591502395861338,
    0.965961015461432,
    0.9717183554374471,
    0.97707166310259,
    0.9816376932035081,
    0.9854649705977788,
    0.9886157388084398,
    0.9913567110489229,
    0.9937144481314423,
    0.9958885284604464,
    0.9976997826470697,
    0.9990071885922326,
    1.0
  ],
  "effective_rank_90pct": 17,
  "effective_rank_95pct": 22,
  "effective_rank_80pct": 12,
  "method": "SVD on z-scored mean-imputed filtered matrix",
  "matrix_shape": [
    80,
    35
  ]
}