{
  "method": "Ridge regression (rank=5)",
  "overall_mae": 12.451886590639443,
  "per_benchmark_mae": {
    "MMLU": 19.22333105939065,
    "MMLU-Pro": 13.36828592076422,
    "SWE-bench Verified": 90.14272189175095,
    "LiveCodeBench": 34.012961158304094,
    "FrontierMath": 89.32971104133892,
    "ARC-AGI-2": 33.736264614075736,
    "SimpleQA": 99.21923513935901,
    "HumanEval": 17.249744209320344,
    "Codeforces Rating": 17.920911648664088,
    "Arena-Hard Auto": 118.14684585455849,
    "Chatbot Arena Elo": 21.930528039672176,
    "AIME 2024": 17.800490449971377,
    "HMMT Feb 2025": 40.49256099420462,
    "ARC-AGI-1": 84.82110382675128,
    "GPQA Diamond": 39.053683319319546,
    "AIME 2025": 51.30582331601942,
    "HLE (Humanity's Last Exam)": 41.70510198048297,
    "IFEval": 13.43499929968411,
    "MMMU": 133.3159574657914,
    "Terminal-Bench 1.0": 169.9384133771771,
    "MATH-500": 51.23406754466985,
    "BrowseComp": 27.246484257332973,
    "BRUMO 2025": 25.76911425651097,
    "SMT 2025": 22.144798526738775,
    "CMIMC 2025": 25.095369210150754,
    "SWE-bench Pro": 181.28145809001825,
    "Terminal-Bench 2.0": 20.799812477025085,
    "MathArena Apex 2025": 34.29994392465238,
    "OSWorld": 109.55760871025471
  },
  "evaluation_protocol": "Leave-one-model-out with reveal_k=5",
  "n_predictor_benchmarks": 8,
  "achieves_mae_under_5": false,
  "scale": "normalized 0-100 per benchmark",
  "svd_mae": 50.004066410193055,
  "ridge_mae": 12.451886590639443
}