{
  "singular_values": [
    739.7860351312129,
    613.1386736108298,
    474.89720070102675,
    440.461166075315,
    376.518043718148,
    97.48854186784563,
    86.95979602521436,
    85.84369808148944,
    78.96295854710198,
    75.2970481690107,
    74.12908434496953,
    67.75524911210238,
    63.352078746954064,
    62.150002420702776,
    53.4945823349829,
    51.45556388602502,
    48.777538296441115,
    44.37907328314495,
    42.34134575720636,
    38.46929486576779,
    36.79240596641068,
    34.15022799939757,
    31.225113924350364,
    30.154250505201407,
    27.743157842011367,
    24.43986558442743,
    23.673020779082428,
    15.23179556898184,
    12.93397427211395
  ],
  "variance_explained_cumulative": [
    0.35111859152175323,
    0.5923084195935315,
    0.7369991760289126,
    0.8614669195483,
    0.9524191083427785,
    0.9585165649355384,
    0.9633680934990294,
    0.9680958859704761,
    0.9720961475559615,
    0.9757336012229761,
    0.9792590859632703,
    0.9822043718788941,
    0.9847792893111659,
    0.9872574180695122,
    0.9890933694243335,
    0.9907920286086084,
    0.9923184741862164,
    0.9935820404617499,
    0.99473223389161,
    0.9956816793459625,
    0.9965501555932296,
    0.9972983746804392,
    0.9979239068236571,
    0.9985072695070195,
    0.9990010720855436,
    0.9993842841682067,
    0.9997438255858478,
    0.9998926738493392,
    1.0000000000000002
  ],
  "effective_rank_90pct": 5,
  "variance_at_effective_rank": 0.9524191083427785,
  "method": "SVD on min-max normalized (0-100), iterative-SVD-imputed, column-centered matrix",
  "matrix_shape": [
    73,
    29
  ]
}