{
  "method": "Ridge regression from 7 selected benchmarks to each target",
  "overall_mae": 6.534397118742889,
  "per_benchmark_mae": {
    "GPQA Diamond": 10.82456875989395,
    "MMLU": 7.364634025061031,
    "MATH-500": 7.304066222278789,
    "LiveCodeBench": 10.043038297747591,
    "HLE (Humanity's Last Exam)": 9.280950077153575,
    "ARC-AGI-2": 9.21610501527077,
    "BrowseComp": 6.882725053196956,
    "SimpleQA": 12.251937806486284,
    "IFEval": 8.100594717776541,
    "HumanEval": 8.802076230722891,
    "Codeforces Rating": 10.415791079330052,
    "OSWorld": 8.678187975557151,
    "MMMU": 9.98664680434317,
    "MMMU-Pro": 4.606565496720313,
    "Arena-Hard Auto": 12.601881881433114,
    "Chatbot Arena Elo": 8.377448978336325,
    "SWE-bench Pro": 8.40845811956927,
    "Tau-Bench Retail": 4.270428047027786,
    "Tau-Bench Telecom": 3.9468849188433204,
    "Video-MMU": 3.3823537942551716,
    "MRCR v2": 3.0642863139975782,
    "AA Intelligence Index": 5.750643929295792,
    "AA Long Context Reasoning": 5.679977763975141,
    "CritPt": 5.884417435040112,
    "SciCode": 2.8899134580611574,
    "MathVision": 3.098217437800008,
    "GDP-Val AA": 1.6796921974913717,
    "GSM8K": 5.6496483701524,
    "IFBench": 5.181396266571553,
    "Terminal-Bench 2.0": 8.306948784624183,
    "Terminal-Bench 1.0": 8.800689678054276,
    "ARC-AGI-1": 12.194137699881665,
    "BRUMO 2025": 2.6523644700043807,
    "USAMO 2025": 3.95247618765057,
    "HMMT Nov 2025": 3.5023634903048992,
    "CMIMC 2025": 5.8993890576540995,
    "IMO 2025": 3.511118979088483,
    "AIME 2026": 2.393055467805703,
    "MathArena Apex 2025": 6.017704811228818,
    "LiveBench": 6.107945657781361,
    "SimpleBench": 4.054789385640015,
    "BigCodeBench": 3.4281588440937276
  },
  "evaluation_protocol": "Leave-one-model-out cross-validation on mean-imputed min-max normalized matrix",
  "n_predictor_benchmarks": 7,
  "achieves_mae_under_5": false,
  "alpha": 10.0,
  "note": "MAE is on 0-100 normalized scale. Imputed values used for both training features and targets, so this evaluation is optimistic for models with many missing entries."
}