{
  "singular_values": [
    542.523593040778,
    384.0726761011769,
    241.94370735972382,
    219.27786720944758,
    188.74906566502904,
    177.4301143968425,
    173.7033078218942,
    171.94871853418,
    164.16473961640645,
    148.76859314817753,
    136.20438750868368,
    131.14816413291936,
    128.69945712303624,
    125.25014070094691,
    118.4829575187403,
    117.06376973280445,
    110.20496839634146,
    105.99101293199759,
    100.6149644704711,
    97.88765813215005,
    91.83782936674821,
    88.7798393812438,
    84.43795154310473,
    82.90782307564042,
    80.06522175811841,
    77.70354889978267,
    75.46370644528821,
    70.95155185820238,
    67.15725464479647,
    64.73360862470643,
    61.6089581626892,
    56.98068944902379,
    52.68922102223698,
    50.642751346072465,
    48.35267818580186,
    46.81725249404094,
    43.51629859126019,
    38.27678496902655,
    37.44086102456702,
    36.57764342752352,
    32.16728629192117,
    30.876476245570725,
    25.825947375435867,
    22.818733512717387,
    16.950521326116462,
    15.15787462644467,
    13.488087881248013,
    11.817399611021742,
    9.300155909739685
  ],
  "variance_explained": [
    0.30899963038225464,
    0.15486294865462244,
    0.061453887854601784,
    0.05047894830186078,
    0.03740161213960956,
    0.03305029698509377,
    0.031676477336340964,
    0.031039776702790824,
    0.028293095505982312,
    0.02323502870530557,
    0.019476140390251268,
    0.018056980635340388,
    0.01738898092954553,
    0.016469376050708275,
    0.014737793730433836,
    0.014386849876970611,
    0.012750377700961536,
    0.011793936536294871,
    0.010627860800944982,
    0.010059504247453669,
    0.008854497548740565,
    0.008274645771579317,
    0.00748507366545047,
    0.007216252569392354,
    0.006729898634645444,
    0.0063387322904367455,
    0.005978565136961422,
    0.005284994003465115,
    0.004734853753631653,
    0.004399267160368788,
    0.003984817451177505,
    0.0034086004795969575,
    0.002914501323822083,
    0.0026924973572092924,
    0.0024544928385840602,
    0.002301084397240951,
    0.0019880376152150623,
    0.0015381249113040577,
    0.0014716765048458885,
    0.0014045983215122974,
    0.001086299425652231,
    0.001000866522900861,
    0.000700217925925472,
    0.0005466429787157267,
    0.000301638533608967,
    0.00024121111847737309,
    0.00019099476997061786,
    0.00014661032097055727,
    9.080320123054296e-05
  ],
  "cumulative_variance": [
    0.30899963038225464,
    0.4638625790368771,
    0.5253164668914789,
    0.5757954151933398,
    0.6131970273329493,
    0.6462473243180431,
    0.677923801654384,
    0.7089635783571748,
    0.7372566738631572,
    0.7604917025684628,
    0.779967842958714,
    0.7980248235940544,
    0.8154138045235999,
    0.8318831805743082,
    0.846620974304742,
    0.8610078241817126,
    0.8737582018826742,
    0.8855521384189691,
    0.8961799992199141,
    0.9062395034673678,
    0.9150940010161084,
    0.9233686467876877,
    0.9308537204531382,
    0.9380699730225306,
    0.944799871657176,
    0.9511386039476128,
    0.9571171690845742,
    0.9624021630880394,
    0.9671370168416711,
    0.9715362840020398,
    0.9755211014532174,
    0.9789297019328144,
    0.9818442032566365,
    0.9845367006138458,
    0.9869911934524298,
    0.9892922778496708,
    0.9912803154648858,
    0.9928184403761898,
    0.9942901168810357,
    0.995694715202548,
    0.9967810146282002,
    0.9977818811511011,
    0.9984820990770266,
    0.9990287420557423,
    0.9993303805893513,
    0.9995715917078287,
    0.9997625864777994,
    0.9999091967987699,
    1.0000000000000004
  ],
  "effective_rank": 20,
  "variance_explained_by_rank": 0.9062395034673678,
  "method": "SVD on mean-imputed min-max normalized matrix (centered)",
  "criterion": "90% cumulative variance threshold"
}