{
  "singular_values": [
    3101.4701,
    1323.5445,
    1093.0235,
    902.7387,
    578.4141,
    104.5961,
    95.483,
    87.0891,
    76.4068,
    72.2538,
    71.7489,
    64.7095,
    62.3109,
    58.6707,
    54.9025,
    53.3005,
    48.6053,
    47.4246,
    43.4314,
    40.5315,
    38.6239,
    34.5923,
    33.2111,
    29.2853,
    25.2938,
    23.7931,
    21.4869,
    19.8597,
    15.2935,
    12.9032,
    12.5409,
    11.2553,
    9.5282,
    7.7827,
    6.4801
  ],
  "variance_explained": [
    0.69744,
    0.127013,
    0.086623,
    0.059088,
    0.024258,
    0.000793,
    0.000661,
    0.00055,
    0.000423,
    0.000379,
    0.000373,
    0.000304,
    0.000282,
    0.00025,
    0.000219,
    0.000206,
    0.000171,
    0.000163,
    0.000137,
    0.000119,
    0.000108,
    8.7e-05,
    8e-05,
    6.2e-05,
    4.6e-05,
    4.1e-05,
    3.3e-05,
    2.9e-05,
    1.7e-05,
    1.2e-05,
    1.1e-05,
    9e-06,
    7e-06,
    4e-06,
    3e-06
  ],
  "cumulative_variance": [
    0.69744,
    0.824453,
    0.911076,
    0.970163,
    0.994421,
    0.995214,
    0.995875,
    0.996425,
    0.996849,
    0.997227,
    0.9976,
    0.997904,
    0.998185,
    0.998435,
    0.998654,
    0.99886,
    0.999031,
    0.999194,
    0.999331,
    0.99945,
    0.999558,
    0.999645,
    0.999725,
    0.999787,
    0.999833,
    0.999874,
    0.999908,
    0.999936,
    0.999953,
    0.999965,
    0.999977,
    0.999986,
    0.999993,
    0.999997,
    1.0
  ],
  "effective_rank_90pct": 3,
  "effective_rank_95pct": 4,
  "method": "SVD on min-max normalized (0-100) soft-imputed matrix",
  "matrix_shape": [
    74,
    35
  ]
}