{
  "singular_values": [
    52.609276632724075,
    19.089637127022314,
    12.982261864824698,
    6.451141139380963,
    6.117942804822906,
    5.531070805610486,
    4.564278906077602,
    4.240650302327302,
    4.095424856430132,
    3.9044645836272927,
    3.678593295733414,
    3.518570051356111,
    3.229173796999893,
    3.0633904571624924,
    2.9182042248477957,
    2.765103331332349,
    2.6353634378600677,
    2.486482654222513,
    2.2931147274690864,
    2.19985179341876,
    2.1514268816808406,
    2.0555359777309192,
    1.8792885042335548,
    1.7126349522571522,
    1.6657249041760236,
    1.527905589593903,
    1.4861368126656658,
    1.32421974995431,
    1.221837363577719,
    1.1519772496951586,
    1.0896038223265894,
    0.9925054672983927,
    0.9622134924433309,
    0.8651828650003446,
    0.8068572169628304,
    0.735644238858456,
    0.602594662077671,
    0.49535689556230184,
    0.46761624824898373,
    0.45702902433952725,
    0.4032318557277303,
    0.34999150273769813,
    0.280972491142027,
    0.24046502128129085,
    0.1418987146125312
  ],
  "variance_explained": [
    0.7688155521718016,
    0.10122617934483015,
    0.04681642309080044,
    0.011560339444503744,
    0.010397006711967876,
    0.008497984515743502,
    0.005786844981240262,
    0.0049953097185079535,
    0.004659029098518266,
    0.004234678801333289,
    0.0037589023987263373,
    0.0034389820017500386,
    0.002896545392008528,
    0.002606766970287283,
    0.0023655321938665336,
    0.002123832342484792,
    0.0019292056804471197,
    0.0017173877749303973,
    0.00146065976481545,
    0.001344263309168814,
    0.0012857326742274843,
    0.0011736744877072788,
    0.0009810348005956638,
    0.0008147551332480157,
    0.0007707331823311726,
    0.0006484709696423031,
    0.0006135007294333509,
    0.00048709942949140404,
    0.00041469070639848626,
    0.0003686254399486725,
    0.00032978791378575367,
    0.0002736297507270001,
    0.00025718189028888655,
    0.00020792816385839004,
    0.00018083849126805657,
    0.00015032567949045466,
    0.00010086675743458399,
    6.816068166142252e-05,
    6.074026545179308e-05,
    5.80209803024278e-05,
    4.5165535964896954e-05,
    3.402612555238669e-05,
    2.1929316882932332e-05,
    1.606206290550323e-05,
    5.593123669080157e-06
  ],
  "cumulative_variance": [
    0.7688155521718016,
    0.8700417315166318,
    0.9168581546074323,
    0.928418494051936,
    0.9388155007639039,
    0.9473134852796473,
    0.9531003302608876,
    0.9580956399793955,
    0.9627546690779137,
    0.9669893478792471,
    0.9707482502779734,
    0.9741872322797235,
    0.977083777671732,
    0.9796905446420193,
    0.9820560768358858,
    0.9841799091783706,
    0.9861091148588177,
    0.987826502633748,
    0.9892871623985635,
    0.9906314257077323,
    0.9919171583819598,
    0.9930908328696672,
    0.9940718676702628,
    0.9948866228035108,
    0.9956573559858419,
    0.9963058269554842,
    0.9969193276849175,
    0.997406427114409,
    0.9978211178208074,
    0.998189743260756,
    0.9985195311745418,
    0.9987931609252688,
    0.9990503428155577,
    0.9992582709794161,
    0.9994391094706842,
    0.9995894351501746,
    0.9996903019076092,
    0.9997584625892706,
    0.9998192028547224,
    0.9998772238350248,
    0.9999223893709897,
    0.999956415496542,
    0.999978344813425,
    0.9999944068763305,
    0.9999999999999996
  ],
  "effective_rank_90pct": 3,
  "effective_rank_80pct": 2,
  "effective_rank_95pct": 7,
  "method": "SVD on z-scored imputed matrix"
}