{
  "method": "iterative_svd_completion",
  "overall_mae": 20.176605430437682,
  "overall_mae_normalized": 13.883376838531083,
  "per_benchmark_mae": {
    "AIME 2024": 12.538535701374983,
    "AIME 2025": 12.74868901234227,
    "ARC-AGI-1": 18.604014166813762,
    "ARC-AGI-2": 14.980834196354204,
    "Arena-Hard Auto": 21.38951765361533,
    "BrowseComp": 12.769708783481114,
    "BRUMO 2025": 13.927374164627757,
    "Chatbot Arena Elo": 16.32380682695555,
    "CMIMC 2025": 20.261869243660495,
    "Codeforces Rating": 12.844919145244962,
    "FrontierMath": 20.508181116344637,
    "GPQA Diamond": 7.074031782248408,
    "HLE (Humanity's Last Exam)": 14.670863289008185,
    "HMMT Feb 2025": 19.34415125178625,
    "HumanEval": 10.34584647147061,
    "IFEval": 9.702021628833032,
    "LiveCodeBench": 10.118107865836954,
    "MATH-500": 11.605523928141526,
    "MathArena Apex 2025": 17.726095450212224,
    "MMLU": 10.849472594408622,
    "MMLU-Pro": 8.479967155212815,
    "MMMU": 25.984257885941727,
    "OSWorld": 23.165963038090542,
    "SimpleQA": 16.33973355937169,
    "SMT 2025": 11.609517287637678,
    "SWE-bench Pro": 14.775486564838184,
    "SWE-bench Verified": 14.247371562848615,
    "Terminal-Bench 2.0": 12.880677377147913,
    "Terminal-Bench 1.0": 36.31807320403169
  },
  "evaluation_protocol": "reveal_5_per_model",
  "n_predictor_benchmarks": 29,
  "achieves_mae_under_5": false,
  "rank_used": 3
}