{
  "singular_values": [
    21.59103078344434,
    13.169100598351198,
    8.516946375980714,
    7.821941425871445,
    6.965815903217905,
    6.3722562442600745,
    5.8321480356138995,
    5.428749244252434,
    5.117453593600667,
    4.809476253805744,
    4.44853579084691,
    4.228465972095969,
    4.052005612424129,
    3.7893167133368273,
    3.6991910187839205,
    3.1563392822240393,
    3.1044092906054606,
    2.9837741042727797,
    2.789454998629073,
    2.6667734510230683,
    2.4932355912283852,
    2.3921526754701055,
    2.166036840839896,
    2.0385156923754484,
    1.8630302435589206,
    1.771506633800314,
    1.6695944342139337,
    1.321457814862591,
    1.1370033894045466
  ],
  "variance_explained": [
    0.41108695792913685,
    0.15293228445281654,
    0.06396682149147359,
    0.05395305790984465,
    0.04278888112656393,
    0.035807451183872595,
    0.029994665528496545,
    0.025988816893272825,
    0.023093766563189056,
    0.020397761760071728,
    0.017451032347835935,
    0.015767129168583346,
    0.01447861506447676,
    0.012662187966467215,
    0.012067031916624008,
    0.008785253672407909,
    0.008498551184830248,
    0.007850888805404613,
    0.006861604223436265,
    0.006271323314886674,
    0.005481678759583737,
    0.005046203194672651,
    0.004137315340278377,
    0.0036645028466145988,
    0.0030607422296430446,
    0.0027674036627852922,
    0.002458153064160623,
    0.0015399036653098894,
    0.001140014733260518
  ],
  "cumulative_variance": [
    0.41108695792913685,
    0.5640192423819534,
    0.627986063873427,
    0.6819391217832717,
    0.7247280029098355,
    0.7605354540937082,
    0.7905301196222047,
    0.8165189365154775,
    0.8396127030786665,
    0.8600104648387382,
    0.8774614971865742,
    0.8932286263551575,
    0.9077072414196343,
    0.9203694293861016,
    0.9324364613027256,
    0.9412217149751335,
    0.9497202661599637,
    0.9575711549653684,
    0.9644327591888047,
    0.9707040825036913,
    0.976185761263275,
    0.9812319644579477,
    0.9853692797982261,
    0.9890337826448407,
    0.9920945248744837,
    0.994861928537269,
    0.9973200816014296,
    0.9988599852667395,
    1.0
  ],
  "effective_rank_90pct": 13,
  "effective_rank_95pct": 18,
  "effective_rank_ratio": 23,
  "cv_best_rank": 3,
  "cv_best_mae": 10.91734995309142
}