{
  "singular_values": [
    538.5320074116061,
    382.1967136985523,
    234.3903054198684,
    216.1972207673722,
    185.01850462244124,
    174.50254165877195,
    172.73919781744104,
    165.12801929417765,
    159.70148249884184,
    139.34542573168105,
    131.29740378255,
    127.75282129030623,
    123.81938380286525,
    110.61134541240197,
    107.51097901043048,
    101.74627764228798,
    99.97135053739675,
    94.23410675650312,
    88.2271978626378,
    85.42323165310329,
    81.13720774734269,
    79.4279468504225,
    73.96553061727586,
    68.12024391014099,
    66.00179657510732,
    65.2947297349579,
    59.18605428408467,
    53.527953573078335,
    52.82738010792013,
    50.51365652554898,
    44.862042048723815,
    43.16260139611467,
    41.48509688246219,
    37.557235645443846,
    34.374106360215414,
    30.870178956191427,
    26.03925385721012,
    23.459280661765945,
    17.956656021686204,
    12.430089284794374
  ],
  "variance_explained": [
    0.3311998297900956,
    0.166817251281672,
    0.0627402657310372,
    0.05337861209480871,
    0.039092855748866784,
    0.034775275376469655,
    0.03407601971325673,
    0.031139282900676503,
    0.029126275914635354,
    0.022174431658339527,
    0.01968699092816544,
    0.01863837578307783,
    0.017508314559760513,
    0.013972252121788277,
    0.0131999624925688,
    0.011822358459350816,
    0.011413482629559117,
    0.010141058789399856,
    0.008889391551532278,
    0.008333339174744733,
    0.007518084100047765,
    0.007204664087968751,
    0.006247781290367726,
    0.0052993115480049965,
    0.0049748338234611765,
    0.00486881553949013,
    0.004000422305725729,
    0.0032721133842681985,
    0.0031870230906203686,
    0.0029139673252708276,
    0.002298397497366102,
    0.002127562304868546,
    0.0019654014912574547,
    0.0016108470349050557,
    0.0013493664155393452,
    0.0010882918031812695,
    0.0007743265223715023,
    0.0006284872130186358,
    0.00036822900180873163,
    0.00017644752065191417
  ],
  "cumulative_variance": [
    0.3311998297900956,
    0.49801708107176756,
    0.5607573468028048,
    0.6141359588976134,
    0.6532288146464802,
    0.6880040900229498,
    0.7220801097362065,
    0.753219392636883,
    0.7823456685515183,
    0.8045201002098579,
    0.8242070911380233,
    0.8428454669211011,
    0.8603537814808616,
    0.8743260336026499,
    0.8875259960952188,
    0.8993483545545696,
    0.9107618371841287,
    0.9209028959735286,
    0.9297922875250608,
    0.9381256266998056,
    0.9456437107998533,
    0.952848374887822,
    0.9590961561781898,
    0.9643954677261948,
    0.969370301549656,
    0.9742391170891461,
    0.9782395393948718,
    0.9815116527791401,
    0.9846986758697605,
    0.9876126431950313,
    0.9899110406923974,
    0.992038602997266,
    0.9940040044885234,
    0.9956148515234285,
    0.996964217938968,
    0.9980525097421492,
    0.9988268362645207,
    0.9994553234775394,
    0.9998235524793482,
    1.0
  ],
  "effective_rank_90pct": 17,
  "effective_rank_95pct": 22,
  "effective_rank_80pct": 10,
  "effective_rank_ratio_01": 27,
  "effective_rank_cv_best": 2,
  "cv_errors_by_rank": {
    "1": 16.669559574582067,
    "2": 15.051861328358214,
    "3": 15.62137422697857,
    "4": 15.93448661994734,
    "5": 16.16214007241995,
    "6": 16.677964243357316,
    "8": 17.28283815147051,
    "10": 17.605802526737627,
    "15": 19.11718646329488,
    "20": 20.291612847871257
  },
  "method": "SVD on mean-imputed, column-centered, min-max normalized matrix",
  "matrix_shape": [
    74,
    40
  ]
}