{
  "singular_values": [
    541.0675617394056,
    377.40494779195495,
    231.01925795040526,
    212.23471751782031,
    179.90960408612693,
    172.26366088579408,
    165.28805578091706,
    162.05114529775454,
    150.34122325479592,
    133.7721463139821,
    126.29561854737918,
    123.79586690941535,
    119.58735098206445,
    107.67832139503719,
    102.78848412832713,
    96.95109035130425,
    93.89018844061991,
    86.73792704362073,
    85.46968670118584,
    82.00115191637825,
    81.10375168069268,
    77.74828008087364,
    72.80707941649358,
    69.16077542061532,
    65.84490209448653,
    60.117507472898275,
    59.117603371179975,
    52.1071579987439,
    49.626415921603304,
    44.325634682261374,
    43.963474425845426,
    38.63820831350081,
    38.31319156755235,
    30.719431682880643,
    23.955150880574514
  ],
  "variance_explained": [
    0.3464822773552184,
    0.1685750156731457,
    0.06316469433254243,
    0.05331027035195404,
    0.038307757138546415,
    0.0351208788249809,
    0.032334114529834736,
    0.031080087963557795,
    0.02675064074382512,
    0.021179193592895773,
    0.01887793986269649,
    0.01813803855054989,
    0.016925773363134444,
    0.013722542456621748,
    0.01250451789716957,
    0.011124574919066755,
    0.010433222064679391,
    0.008904224621758132,
    0.008645741647392638,
    0.007958256564745123,
    0.007785023325224576,
    0.007154175847371622,
    0.0062737217048946916,
    0.0056610597346043,
    0.005131240167357658,
    0.004277400952859522,
    0.004136296558365956,
    0.003213459296532329,
    0.00291476705339139,
    0.002325347994437063,
    0.002287504959971551,
    0.0017669000741858184,
    0.001737299489303035,
    0.0011168745208132592,
    0.0006791658663718671
  ],
  "cumulative_variance": [
    0.3464822773552184,
    0.5150572930283641,
    0.5782219873609066,
    0.6315322577128606,
    0.669840014851407,
    0.7049608936763879,
    0.7372950082062226,
    0.7683750961697804,
    0.7951257369136056,
    0.8163049305065013,
    0.8351828703691978,
    0.8533209089197477,
    0.870246682282882,
    0.8839692247395038,
    0.8964737426366733,
    0.90759831755574,
    0.9180315396204194,
    0.9269357642421775,
    0.9355815058895701,
    0.9435397624543153,
    0.9513247857795398,
    0.9584789616269115,
    0.9647526833318062,
    0.9704137430664105,
    0.9755449832337681,
    0.9798223841866277,
    0.9839586807449937,
    0.9871721400415261,
    0.9900869070949175,
    0.9924122550893546,
    0.9946997600493261,
    0.9964666601235119,
    0.9982039596128149,
    0.9993208341336282,
    1.0
  ],
  "effective_rank_90pct": 16,
  "effective_rank_95pct": 21,
  "method": "SVD on min-max normalized (0-100), column-mean imputed, centered matrix",
  "matrix_shape": [
    80,
    35
  ]
}