{
  "singular_values": [
    24.4197,
    17.7346,
    12.0606,
    10.7112,
    9.6777,
    8.7541,
    8.6816,
    7.4393,
    7.0806,
    6.4925,
    6.1371,
    5.7462,
    5.4045,
    5.2014,
    5.0004,
    4.4196,
    4.1968,
    4.0798,
    3.8747,
    3.586,
    3.473,
    3.1867,
    2.886,
    2.5637,
    2.3905,
    2.3117,
    1.9046,
    1.7792,
    1.7605
  ],
  "variance_explained": [
    0.321293,
    0.16946,
    0.078372,
    0.061816,
    0.050462,
    0.04129,
    0.040609,
    0.029819,
    0.027012,
    0.022711,
    0.020293,
    0.01779,
    0.015737,
    0.014577,
    0.013472,
    0.010524,
    0.00949,
    0.008968,
    0.008089,
    0.006928,
    0.006499,
    0.005471,
    0.004488,
    0.003541,
    0.003079,
    0.002879,
    0.001955,
    0.001706,
    0.00167
  ],
  "cumulative_variance": [
    0.321293,
    0.490753,
    0.569125,
    0.630941,
    0.681403,
    0.722693,
    0.763302,
    0.79312,
    0.820133,
    0.842844,
    0.863137,
    0.880928,
    0.896665,
    0.911242,
    0.924714,
    0.935238,
    0.944728,
    0.953696,
    0.961785,
    0.968713,
    0.975212,
    0.980683,
    0.985171,
    0.988712,
    0.991791,
    0.99467,
    0.996625,
    0.99833,
    1.0
  ],
  "effective_rank_90pct": 14,
  "effective_rank_80pct": 9,
  "method": "SVD on z-score normalized, mean-imputed, filtered matrix (65 models x 29 benchmarks)"
}