{
  "singular_values": [
    3255.5464707010838,
    645.553145838078,
    540.0160493537761,
    444.47617167804106,
    402.39830888615165,
    124.11761008058852,
    118.71786217715187,
    101.53754481094859,
    88.49266999116143,
    85.52352925069943,
    82.69259313357867,
    77.82104074113046,
    74.32232801608063,
    72.96665731246568,
    66.6589213421606,
    60.767691720591166,
    59.920239944402866,
    56.764461580762706,
    54.20409665031583,
    51.291472192221754,
    47.136525487450726,
    44.17397219414547,
    41.803022953862225,
    41.02852394311772,
    36.13507501271188,
    32.56454830294482,
    27.59030755441401,
    25.63119188925938,
    24.084412650717027,
    21.427320055182825,
    18.607162646456704,
    17.58209157329297,
    16.64019916501731,
    11.79339230059844,
    8.850092941439188
  ],
  "variance_explained_cumulative": [
    0.8997699730611272,
    0.9351491480689496,
    0.9599060919685001,
    0.9766779301975848,
    0.9904245522276964,
    0.991732379853698,
    0.9929288884764139,
    0.9938041483401239,
    0.9944689594913528,
    0.995089907053857,
    0.9956704266975587,
    0.996184562404703,
    0.9966535078340933,
    0.997105501761719,
    0.997482726582947,
    0.9977962205428041,
    0.9981010316478992,
    0.9983745816633495,
    0.998624011222942,
    0.9988473550877668,
    0.9990359799047929,
    0.999201639503447,
    0.9993499934401141,
    0.9994929010921154,
    0.999603752603584,
    0.9996937798184936,
    0.9997584042567818,
    0.9998141769095731,
    0.9998634211924172,
    0.9999023991798422,
    0.9999317921859978,
    0.9999580358683954,
    0.9999815430594979,
    0.9999933506474332,
    1.0000000000000002
  ],
  "effective_rank_90pct": 2,
  "method": "SVD on min-max normalized (0-100), iteratively imputed matrix"
}