{
  "singular_values": [
    40.349348593143624,
    20.627188080161197,
    12.724786913788758,
    11.251662263277781,
    9.885167242621561,
    8.104066803296998,
    6.893552169859126,
    5.901815399803582,
    5.437590150747058,
    5.067926745482043,
    5.001572687817023,
    4.224663746071969,
    4.199100790581484,
    3.780917245133556,
    3.4031149894759443,
    3.063873810743116,
    3.0086362984968575,
    2.5640076257671853,
    2.1155940487216798,
    1.6583494971165553,
    1.163866028775628,
    0.9601717958509767,
    0.8603991859979955,
    0.4797129176541733,
    0.26956991656702367,
    0.035306917960675734,
    0.014671229734557732,
    0.01129947974281646,
    0.002158583202116831,
    0.0010963943922721556,
    0.0010358836395109486,
    0.0007130397019392846,
    0.0005843683978073845,
    0.0003632479858324916,
    0.00011613838221505886
  ],
  "variance_explained": [
    0.5888137185862645,
    0.1538809721860196,
    0.05856065171838323,
    0.04578658361188762,
    0.03534051769063232,
    0.023752585443869954,
    0.01718664069387684,
    0.01259726040266138,
    0.010693449058770853,
    0.009288926400568612,
    0.009047280054798264,
    0.0064548946717449705,
    0.006377015352427503,
    0.005170103151735378,
    0.004188496069293258,
    0.0033950534279050784,
    0.003273740461711708,
    0.00237762571609124,
    0.0016187118188016596,
    0.0009946195495792883,
    0.0004899038455471793,
    0.0003334285271420216,
    0.00026773481347776247,
    8.322766125290403e-05,
    2.6281352592387742e-05,
    4.508421178596335e-07,
    7.78462864101884e-08,
    4.617657955092931e-08,
    1.6851650779243949e-09,
    4.347488836910776e-10,
    3.8808496007466503e-10,
    1.8387906565702127e-10,
    1.2350322761517887e-10,
    4.7721193204832565e-11,
    4.878164131475985e-12
  ],
  "cumulative_variance": [
    0.5888137185862645,
    0.7426946907722841,
    0.8012553424906673,
    0.8470419261025549,
    0.8823824437931872,
    0.9061350292370571,
    0.923321669930934,
    0.9359189303335954,
    0.9466123793923663,
    0.955901305792935,
    0.9649485858477332,
    0.9714034805194782,
    0.9777804958719057,
    0.9829505990236411,
    0.9871390950929344,
    0.9905341485208394,
    0.9938078889825511,
    0.9961855146986424,
    0.997804226517444,
    0.9987988460670233,
    0.9992887499125704,
    0.9996221784397125,
    0.9998899132531902,
    0.9999731409144431,
    0.9999994222670355,
    0.9999998731091534,
    0.9999999509554398,
    0.9999999971320194,
    0.9999999988171845,
    0.9999999992519334,
    0.9999999996400184,
    0.9999999998238974,
    0.9999999999474006,
    0.9999999999951218,
    1.0
  ],
  "effective_rank_90pct": 6,
  "effective_rank_80pct": 3,
  "method": "SVD on z-scored imputed filtered matrix"
}