{
  "singular_values": [
    1063.7785215505976,
    536.0874127764556,
    403.0741909818819,
    311.6387361486371,
    291.526410219211,
    221.00505027140213,
    205.3408033207574,
    190.89751001640016,
    167.34068611844657,
    155.0048761368494,
    139.74156851282896,
    121.82439304044765,
    97.73089874731659,
    86.60715315107166,
    85.2770274861984,
    76.26567532125783,
    61.00370165624287,
    57.998709464794196,
    53.46094236263932,
    41.17631259535943,
    32.55888811802605,
    31.79347046358839,
    29.08580739019111,
    18.022251291447706,
    16.783418941182074,
    14.996137767525516,
    11.56984818296233,
    8.376984288378178,
    5.738489118335364,
    4.512867017948192,
    3.9099684940175212,
    2.8393858936756025,
    2.1645998905624846,
    1.7497236067411104,
    0.9403798832205753
  ],
  "variance_explained_cumulative": [
    0.5593089949797297,
    0.7013522413725154,
    0.7816529450592464,
    0.8296541609003816,
    0.8716595661421435,
    0.895800483270259,
    0.9166405872998796,
    0.9346520878834184,
    0.9484926095573494,
    0.9603677865139204,
    0.9700194149967595,
    0.9773547150195162,
    0.9820754884178036,
    0.9857827812846389,
    0.9893770742797077,
    0.992251874103614,
    0.9940912129622906,
    0.9957538062752286,
    0.9971664172916569,
    0.9980044177837238,
    0.9985283661612717,
    0.9990279693967622,
    0.9994460996744025,
    0.9996066338311047,
    0.9997458565913652,
    0.9998570062702321,
    0.9999231676707189,
    0.9999578513187941,
    0.9999741271993494,
    0.9999841931417645,
    0.9999917492102398,
    0.9999957339339126,
    0.9999980497530229,
    0.9999995629249363,
    0.9999999999999997
  ],
  "effective_rank_90pct": 7,
  "effective_rank_95pct": 10,
  "total_variance": 2023255.0398253242
}