{
  "singular_values": [
    593.7603,
    433.7013,
    333.5243,
    300.3505,
    276.1193,
    245.9541,
    239.6654,
    217.2581,
    204.2028,
    177.5594,
    73.4684,
    69.3909,
    60.2615,
    54.6498,
    48.6901,
    44.5001,
    43.481,
    40.2406,
    35.7039,
    34.7193,
    32.9904,
    30.2425,
    27.4557,
    25.2135,
    22.5398,
    21.8363,
    17.6912,
    13.9791,
    13.2346,
    12.3632,
    9.816,
    9.3372,
    8.1301,
    5.7152,
    4.7042
  ],
  "variance_explained": [
    0.323623,
    0.172663,
    0.102111,
    0.082808,
    0.069986,
    0.05553,
    0.052726,
    0.043328,
    0.038277,
    0.02894,
    0.004955,
    0.00442,
    0.003333,
    0.002742,
    0.002176,
    0.001818,
    0.001735,
    0.001486,
    0.00117,
    0.001107,
    0.000999,
    0.00084,
    0.000692,
    0.000584,
    0.000466,
    0.000438,
    0.000287,
    0.000179,
    0.000161,
    0.00014,
    8.8e-05,
    8e-05,
    6.1e-05,
    3e-05,
    2e-05
  ],
  "cumulative_variance": [
    0.323623,
    0.496286,
    0.598396,
    0.681205,
    0.751191,
    0.80672,
    0.859447,
    0.902775,
    0.941052,
    0.969992,
    0.974947,
    0.979367,
    0.9827,
    0.985442,
    0.987618,
    0.989436,
    0.991171,
    0.992658,
    0.993828,
    0.994935,
    0.995934,
    0.996773,
    0.997465,
    0.998049,
    0.998515,
    0.998953,
    0.99924,
    0.999419,
    0.99958,
    0.999721,
    0.999809,
    0.999889,
    0.99995,
    0.99998,
    1.0
  ],
  "effective_rank_90pct": 8,
  "ratio_rank": 13,
  "chosen_effective_rank": 8,
  "method": "SVD on iteratively imputed (rank-10 softImpute), column-centered, min-max normalized 0-100 cleaned matrix"
}