{
  "method": "ridge_regression",
  "overall_mae": 9.055085142672697,
  "per_benchmark_mae": {
    "GPQA Diamond": 7.825122362244851,
    "AIME 2025": 12.084290770588186,
    "MMLU-Pro": 6.860793505763978,
    "MATH-500": 12.597772439744737,
    "LiveCodeBench": 9.699662838347011,
    "FrontierMath": 10.711493758949034,
    "HLE (Humanity's Last Exam)": 9.961602476798554,
    "BrowseComp": 8.541248479308344,
    "SimpleQA": 14.096054263886971,
    "IFEval": 7.627609094282048,
    "HumanEval": 8.487665409601794,
    "Codeforces Rating": 11.238837677432825,
    "OSWorld": 9.582736009845165,
    "MMMU": 13.63607836237933,
    "MMMU-Pro": 5.72269829474343,
    "Arena-Hard Auto": 11.475675036082452,
    "Chatbot Arena Elo": 10.531794431929114,
    "SWE-bench Pro": 8.996745553476902,
    "Tau-Bench Retail": 5.133337571347584,
    "CritPt": 7.286694910255489,
    "GSM8K": 6.366686315048525,
    "Terminal-Bench 2.0": 9.627987730437518,
    "Terminal-Bench 1.0": 10.219321693389626,
    "ARC-AGI-1": 10.965592356759558,
    "BRUMO 2025": 6.821332488704577,
    "SMT 2025": 7.26476046042991,
    "HMMT Nov 2025": 4.1478387222620094,
    "CMIMC 2025": 8.248013747819291,
    "MathArena Apex 2025": 8.041747858660104,
    "LiveBench": 7.851359659662013
  },
  "evaluation_protocol": "leave_one_model_out",
  "n_predictor_benchmarks": 5,
  "achieves_mae_under_5": false,
  "alpha": 1.0,
  "scale": "normalized_0_100_per_benchmark"
}