{
  "singular_values": [
    508.47624251164325,
    350.74366937264193,
    225.43896349540904,
    203.2540064791548,
    180.84062218886564,
    171.60639532800334,
    157.40160040829264,
    149.66719794760687,
    135.53269129416518,
    128.84829116129805,
    122.61909348821946,
    120.38360619669344,
    106.27582912008023,
    101.14789081732012,
    91.95365043428588,
    89.22199615366914,
    88.02704213347207,
    82.6567733003378,
    79.43573633499908,
    75.59108373452231,
    73.90987526290385,
    72.55756932284703,
    64.72873573414924,
    58.02285610450191,
    56.916944627999236,
    51.44489652647008,
    49.84486218084499,
    45.67557641537151,
    41.95386285197325,
    40.489787256170686,
    36.70280239350497,
    35.2195794963975,
    34.20426176735957,
    26.735518197701573,
    21.792282014606425
  ],
  "variance_explained": [
    0.3451154122843707,
    0.16421117337963245,
    0.06783924097695515,
    0.05514437923415965,
    0.043653091653792234,
    0.03930881572592627,
    0.033070541774709944,
    0.02990035041109115,
    0.02451947385067446,
    0.022160540484121884,
    0.02006962345424623,
    0.019344509394688143,
    0.015076204709694759,
    0.013656414320418551,
    0.011286543812097106,
    0.010625928590873234,
    0.010343207567427628,
    0.009119686670005619,
    0.008422768676750195,
    0.007627182984168219,
    0.007291686038764352,
    0.007027299656425703,
    0.005592645237472435,
    0.004493877475984475,
    0.004324204050819492,
    0.0035327069946453947,
    0.0033163764399702545,
    0.002784781310771375,
    0.002349453913756874,
    0.002188336035084743,
    0.0017981315992444563,
    0.0016557370041223876,
    0.001561649135265932,
    0.0009541139254251328,
    0.0006339112264435146
  ],
  "cumulative_variance": [
    0.3451154122843707,
    0.5093265856640031,
    0.5771658266409583,
    0.6323102058751179,
    0.6759632975289102,
    0.7152721132548364,
    0.7483426550295463,
    0.7782430054406375,
    0.802762479291312,
    0.8249230197754338,
    0.84499264322968,
    0.8643371526243682,
    0.8794133573340629,
    0.8930697716544814,
    0.9043563154665786,
    0.9149822440574518,
    0.9253254516248794,
    0.9344451382948851,
    0.9428679069716353,
    0.9504950899558035,
    0.9577867759945679,
    0.9648140756509935,
    0.9704067208884659,
    0.9749005983644504,
    0.9792248024152699,
    0.9827575094099152,
    0.9860738858498855,
    0.988858667160657,
    0.9912081210744138,
    0.9933964571094985,
    0.995194588708743,
    0.9968503257128654,
    0.9984119748481313,
    0.9993660887735564,
    0.9999999999999999
  ],
  "effective_rank_90pct": 15,
  "variance_at_effective_rank": 0.9043563154665786
}