{
  "singular_values": [
    22.3149033187251,
    13.827167715525167,
    8.78541805195132,
    8.236787613957969,
    7.245134775323802,
    6.566724211270285,
    6.249839802013721,
    5.8443867070425135,
    5.494066200484591,
    5.140341148933823,
    4.762481604287301,
    4.656665167331237,
    4.341456847122749,
    4.055804655151875,
    3.962512867799241,
    3.7203266024216735,
    3.6789620722678364,
    3.2094783012730863,
    3.1861122253899983,
    3.0660513647277314,
    3.0485199444149145,
    2.9792034874544435,
    2.902212529418826,
    2.5160510794891033,
    2.4484732029894865,
    2.2147449008983275,
    2.1732049226756707,
    2.0558223080222966,
    1.9505062495961907,
    1.817210910635609,
    1.674556790473851,
    1.4331527362631737,
    1.356988509310669,
    1.153508029583532,
    0.9408533072899864
  ],
  "variance_explained": [
    0.3887235832350107,
    0.1492510281290098,
    0.06025259199652783,
    0.052962271816901975,
    0.04097734419407205,
    0.03366265953698935,
    0.03049219168683444,
    0.0266642123196372,
    0.02356343748267541,
    0.02062693764826097,
    0.01770587902511706,
    0.016927814582854073,
    0.01471369832586183,
    0.012841179860071527,
    0.012257227343852125,
    0.010804707282346915,
    0.010565778242923698,
    0.008041179520954551,
    0.0079245207750036,
    0.007338540961084143,
    0.0072548585882088335,
    0.006928691194114537,
    0.006575204969489168,
    0.004941852486025203,
    0.004679953962340044,
    0.0038291139547659207,
    0.003686822510493185,
    0.003299301609806498,
    0.0029699255501278677,
    0.00257787314108751,
    0.0021890245468556484,
    0.0016033776467280427,
    0.001437484632631688,
    0.0010387047418529923,
    0.0006910264994836112
  ],
  "cumulative_variance": [
    0.3887235832350107,
    0.5379746113640205,
    0.5982272033605482,
    0.6511894751774502,
    0.6921668193715222,
    0.7258294789085116,
    0.756321670595346,
    0.7829858829149833,
    0.8065493203976587,
    0.8271762580459197,
    0.8448821370710368,
    0.8618099516538908,
    0.8765236499797526,
    0.8893648298398241,
    0.9016220571836763,
    0.9124267644660232,
    0.9229925427089469,
    0.9310337222299014,
    0.938958243004905,
    0.9462967839659892,
    0.953551642554198,
    0.9604803337483125,
    0.9670555387178017,
    0.9719973912038269,
    0.9766773451661669,
    0.9805064591209328,
    0.984193281631426,
    0.9874925832412326,
    0.9904625087913604,
    0.9930403819324479,
    0.9952294064793036,
    0.9968327841260316,
    0.9982702687586633,
    0.9993089735005163,
    0.9999999999999999
  ],
  "effective_rank_90pct": 15,
  "effective_rank_80pct": 9,
  "method": "SVD on z-scored mean-imputed filtered matrix",
  "matrix_shape": [
    80,
    35
  ]
}