{
  "singular_values": [
    3249.1914351230007,
    1176.233479263206,
    929.3748143742719,
    135.00577351495045,
    131.3998396367361,
    124.92636943005932,
    116.92285359871863,
    113.98096506679302,
    102.97571188246202,
    93.40992197297396,
    89.71682521667987,
    82.61378027254823,
    78.38727069349676,
    73.18938817043599,
    69.12704113201129,
    66.40359575292487,
    61.88785401131182,
    56.72635505559454,
    54.82033182096217,
    53.17788083335063,
    48.68861343901636,
    48.136569341792935,
    42.742842068805835,
    40.20168169894724,
    39.11372350927002,
    37.48706937975112,
    33.41215031470739,
    32.480641819476546,
    25.698994678375602,
    24.340494911440253,
    22.17429666522625,
    19.977286925719387,
    14.658029646087556,
    14.378369894526369,
    11.446413515909098
  ],
  "variance_explained": [
    0.8142267233968836,
    0.10670427658021181,
    0.06661569309201433,
    0.0014057219798146005,
    0.0013316326131158137,
    0.0012036576772180615,
    0.0010543712730549657,
    0.0010019808288002341,
    0.0008178324875874551,
    0.00067294686020588,
    0.0006207869037940016,
    0.000526380440289726,
    0.0004738990512466526,
    0.00041313404564866926,
    0.00036854514005796546,
    0.0003400775370174099,
    0.00029539667308875044,
    0.00024817870290138965,
    0.0002317811281828376,
    0.0002181005724635338,
    0.00018283088698457195,
    0.00017870842320515736,
    0.00014090342330110115,
    0.00012464739134752427,
    0.00011799213933283659,
    0.00010838214265342476,
    8.610009004342765e-05,
    8.136618564365416e-05,
    5.0936256220447306e-05,
    4.56934091247801e-05,
    3.7922281672882806e-05,
    3.077993986828681e-05,
    1.657089418145718e-05,
    1.5944615708866892e-05,
    1.0104937114019567e-05
  ],
  "cumulative_variance": [
    0.8142267233968836,
    0.9209309999770954,
    0.9875466930691097,
    0.9889524150489243,
    0.9902840476620401,
    0.9914877053392582,
    0.9925420766123132,
    0.9935440574411134,
    0.9943618899287009,
    0.9950348367889068,
    0.9956556236927008,
    0.9961820041329905,
    0.9966559031842371,
    0.9970690372298858,
    0.9974375823699438,
    0.9977776599069612,
    0.99807305658005,
    0.9983212352829514,
    0.9985530164111341,
    0.9987711169835977,
    0.9989539478705822,
    0.9991326562937873,
    0.9992735597170884,
    0.999398207108436,
    0.9995161992477688,
    0.9996245813904222,
    0.9997106814804656,
    0.9997920476661093,
    0.9998429839223297,
    0.9998886773314545,
    0.9999265996131274,
    0.9999573795529957,
    0.9999739504471772,
    0.999989895062886,
    1.0
  ],
  "effective_rank_90pct": 2,
  "effective_rank_95pct": 3,
  "matrix_shape": [
    80,
    35
  ],
  "method": "SVD on min-max normalized, soft-imputed (rank-3) matrix"
}