{
  "singular_values": [
    21.69809608853772,
    12.492399611984066,
    8.512081109579249,
    7.569738535015308,
    6.701213109948711,
    6.051702734118457,
    4.999545187842515,
    4.781438800746267,
    4.510973915332757,
    4.127566562979566,
    3.9176829205369663,
    3.699388089699242,
    3.636139265750577,
    3.38407258667959,
    3.120690005709278,
    2.8035139369971622,
    2.593159044761119,
    2.4549807503610466,
    2.39754168587633,
    1.9046324879846763,
    1.7806315002770428
  ],
  "variance_explained_cumulative": [
    0.461575856732761,
    0.6145759038558,
    0.6856107321068353,
    0.7417881257230076,
    0.7858138680219766,
    0.8217188738868167,
    0.846224219068463,
    0.8686380984854061,
    0.888587986392085,
    0.9052907371095624,
    0.9203380307035498,
    0.9337551603488524,
    0.9467174238389829,
    0.9579448231251754,
    0.9674925742151105,
    0.9751981530336764,
    0.9817907744370357,
    0.987699529814137,
    0.9933350260254259,
    0.9968915210394325,
    1.0
  ],
  "effective_rank_90pct": 10,
  "effective_rank_95pct": 14,
  "method": "SVD on z-score normalized, mean-imputed filtered matrix",
  "matrix_shape": [
    73,
    21
  ]
}