{
  "singular_values": [
    21.949096400780668,
    13.837569114933798,
    8.735272107961196,
    8.15445553978634,
    7.074120259526901,
    6.5417127418605805,
    6.225207992159536,
    5.784164729806292,
    5.442841666000465,
    5.064878544710919,
    4.70695502968057,
    4.385746001605311,
    4.297562787452064,
    3.983643146540019,
    3.930755686683288,
    3.602141605363711,
    3.438245142688905,
    3.1669201477706133,
    3.143295996987014,
    3.021950873013938,
    2.927744374495711,
    2.826868566707868,
    2.7996951395102387,
    2.458875019429579,
    2.4317316339678183,
    2.1604708981691734,
    2.058947318706084,
    1.9346535334506025,
    1.8507175505462339,
    1.669118395907526,
    1.58060579375239,
    1.4047432796842125,
    1.3472582072176404,
    1.1052840418294496,
    0.9413273624142385
  ],
  "variance_explained": [
    0.3869580986431828,
    0.15379784659483503,
    0.0612891395984938,
    0.05340975514084507,
    0.04019532324999913,
    0.03437269525865145,
    0.031127079956342923,
    0.02687274025826111,
    0.023794799518996546,
    0.020604814998130914,
    0.01779552261159454,
    0.01544961284385298,
    0.014834575029793368,
    0.012746516240140768,
    0.012410313468588754,
    0.010422027425776905,
    0.009495204547167745,
    0.008055729495867822,
    0.007935991746726571,
    0.0073350900232206405,
    0.006884889254932753,
    0.006418623207583125,
    0.006295817569636346,
    0.004856278201746836,
    0.004749653606136379,
    0.0037491040175388853,
    0.0034050313744634305,
    0.0030063327666609635,
    0.002751128877027992,
    0.0022377158390015353,
    0.002006678454010941,
    0.0015849828769622142,
    0.0014579154031448109,
    0.0009812472394560995,
    0.0007117246612287121
  ],
  "cumulative_variance": [
    0.3869580986431828,
    0.5407559452380178,
    0.6020450848365116,
    0.6554548399773568,
    0.6956501632273558,
    0.7300228584860073,
    0.7611499384423502,
    0.7880226787006114,
    0.8118174782196079,
    0.8324222932177389,
    0.8502178158293334,
    0.8656674286731864,
    0.8805020037029797,
    0.8932485199431205,
    0.9056588334117093,
    0.9160808608374862,
    0.925576065384654,
    0.9336317948805218,
    0.9415677866272484,
    0.948902876650469,
    0.9557877659054018,
    0.962206389112985,
    0.9685022066826213,
    0.9733584848843682,
    0.9781081384905045,
    0.9818572425080434,
    0.9852622738825069,
    0.9882686066491678,
    0.9910197355261958,
    0.9932574513651974,
    0.9952641298192083,
    0.9968491126961705,
    0.9983070280993153,
    0.9992882753387714,
    1.0000000000000002
  ],
  "effective_rank_80pct": 9,
  "effective_rank_90pct": 15,
  "effective_rank_ratio": 1,
  "method": "SVD on z-score normalized, zero-imputed (=mean-imputed) matrix"
}