{
  "singular_values": [
    541.0675617394056,
    377.4049477919547,
    231.01925795040532,
    212.2347175178204,
    179.909604086127,
    172.26366088579397,
    165.28805578091706,
    162.0511452977545,
    150.34122325479603,
    133.77214631398218,
    126.29561854737918,
    123.79586690941542,
    119.5873509820645,
    107.67832139503697,
    102.78848412832727,
    96.9510903513042,
    93.89018844061995,
    86.73792704362066,
    85.4696867011858,
    82.00115191637823,
    81.10375168069264,
    77.74828008087356,
    72.80707941649354,
    69.16077542061527,
    65.84490209448653,
    60.11750747289819,
    59.117603371179975,
    52.107157998743894,
    49.62641592160329,
    44.32563468226137,
    43.963474425845384,
    38.63820831350081,
    38.31319156755234,
    30.719431682880618,
    23.955150880574518
  ],
  "variance_explained": [
    0.34648227735521847,
    0.16857501567314553,
    0.06316469433254247,
    0.0533102703519541,
    0.03830775713854644,
    0.035120878824980856,
    0.03233411452983474,
    0.031080087963557778,
    0.02675064074382516,
    0.0211791935928958,
    0.018877939862696494,
    0.018138038550549913,
    0.01692577336313446,
    0.013722542456621694,
    0.012504517897169606,
    0.011124574919066745,
    0.010433222064679403,
    0.008904224621758118,
    0.008645741647392631,
    0.00795825656474512,
    0.007785023325224568,
    0.0071541758473716065,
    0.0062737217048946855,
    0.00566105973460429,
    0.005131240167357659,
    0.004277400952859511,
    0.004136296558365957,
    0.0032134592965323287,
    0.002914767053391388,
    0.0023253479944370624,
    0.002287504959971547,
    0.0017669000741858186,
    0.0017372994893030342,
    0.0011168745208132574,
    0.0006791658663718675
  ],
  "cumulative_variance": [
    0.34648227735521847,
    0.515057293028364,
    0.5782219873609065,
    0.6315322577128606,
    0.669840014851407,
    0.7049608936763878,
    0.7372950082062225,
    0.7683750961697803,
    0.7951257369136054,
    0.8163049305065012,
    0.8351828703691977,
    0.8533209089197477,
    0.8702466822828822,
    0.8839692247395039,
    0.8964737426366735,
    0.9075983175557402,
    0.9180315396204196,
    0.9269357642421777,
    0.9355815058895703,
    0.9435397624543155,
    0.95132478577954,
    0.9584789616269117,
    0.9647526833318064,
    0.9704137430664107,
    0.9755449832337684,
    0.9798223841866279,
    0.9839586807449939,
    0.9871721400415263,
    0.9900869070949178,
    0.9924122550893548,
    0.9946997600493264,
    0.9964666601235121,
    0.9982039596128152,
    0.9993208341336284,
    1.0000000000000002
  ],
  "effective_rank_90pct": 16,
  "effective_rank_80pct": 10,
  "effective_rank_95pct": 21,
  "method": "SVD on column-mean-imputed, min-max-normalized, column-centered matrix"
}