{
  "singular_values": [
    3249.133929008435,
    1032.9411162733159,
    892.0334715106062,
    738.6241656277846,
    570.9120468866845,
    110.07591651797185,
    98.76404808976714,
    92.69247740556554,
    79.7502074049211,
    75.64274776738614,
    73.96806872666205,
    66.12128890346952,
    63.54485246003741,
    59.33095760986698,
    57.24591201402372,
    55.27966865316274,
    51.35042826857876,
    50.463081915956785,
    45.826308155278724,
    44.91944748490715,
    40.52533828718322,
    37.596993712694385,
    36.02100472004795,
    31.247283725891236,
    28.158528859472657,
    26.35861771678727,
    23.696828511980677,
    21.181226386685918,
    19.079440130381386,
    16.693615921614278,
    14.987883160697937,
    13.08349644334286,
    11.358400484462399,
    9.900547401866383,
    6.517755068804595
  ],
  "variance_explained": [
    0.7892524880038615,
    0.07976858032424604,
    0.05948987196115433,
    0.040787563020542476,
    0.024367958560399205,
    0.0009058689073918733,
    0.0007292534586769696,
    0.0006423470183664574,
    0.0004754932710747493,
    0.00042777492709990326,
    0.00040904330829721766,
    0.000326861187673803,
    0.00030188496522158217,
    0.0002631742833395263,
    0.00024500203434395717,
    0.00022846074856257653,
    0.0001971373312822019,
    0.00019038304736607235,
    0.0001570039126035012,
    0.00015085146927815965,
    0.00012278180983119622,
    0.00010567858085477117,
    9.70046108032556e-05,
    7.299704414678592e-05,
    5.927897093021618e-05,
    5.194287645848337e-05,
    4.198181247455763e-05,
    3.3541535249129804e-05,
    2.7215228570838017e-05,
    2.0834427325234664e-05,
    1.679427772327668e-05,
    1.2797595361595425e-05,
    9.645285510456433e-06,
    7.328230952961778e-06,
    3.175973025183844e-06
  ],
  "cumulative_variance": [
    0.7892524880038615,
    0.8690210683281075,
    0.9285109402892618,
    0.9692985033098043,
    0.9936664618702035,
    0.9945723307775953,
    0.9953015842362722,
    0.9959439312546386,
    0.9964194245257134,
    0.9968471994528133,
    0.9972562427611105,
    0.9975831039487842,
    0.9978849889140058,
    0.9981481631973453,
    0.9983931652316893,
    0.9986216259802518,
    0.9988187633115341,
    0.9990091463589001,
    0.9991661502715037,
    0.9993170017407819,
    0.999439783550613,
    0.9995454621314678,
    0.9996424667422711,
    0.9997154637864178,
    0.999774742757348,
    0.9998266856338065,
    0.9998686674462811,
    0.9999022089815303,
    0.9999294242101011,
    0.9999502586374264,
    0.9999670529151496,
    0.9999798505105112,
    0.9999894957960217,
    0.9999968240269747,
    0.9999999999999999
  ],
  "effective_rank_90pct": 3,
  "method": "SVD on min-max normalized (0-100), soft-imputed (rank-5) matrix",
  "matrix_shape": [
    83,
    35
  ]
}