{
  "singular_values": [
    3339.24198412908,
    391.38968033707187,
    320.2931436358924,
    217.15071953937144,
    212.09412751634216,
    175.34544325038215,
    169.38651502703476,
    162.81233603696126,
    157.33497366188593,
    148.7844068011612,
    133.02007328182899,
    126.23663760166188,
    123.59974405948722,
    117.22388327907224,
    105.19520445382527,
    97.41835050872406,
    96.23748038686921,
    91.1089884603303,
    86.15553844307678,
    84.0338948238412,
    81.20091518157224,
    78.40692034114656,
    72.94380424065312,
    69.6146419842498,
    68.78620870915107,
    62.32251226583363,
    59.262616856600445,
    57.07977585029193,
    51.90584392533783,
    48.758213230550716,
    44.29076230844699,
    42.7842075906806,
    38.424468112686746,
    32.291268998174154,
    24.14521151209867
  ],
  "variance_explained_cumulative": [
    0.9452173070534313,
    0.9582026858179595,
    0.9668989187670758,
    0.970896142214591,
    0.9747093736849557,
    0.9773156763568733,
    0.9797478442247672,
    0.981994882634105,
    0.9840932736796092,
    0.9859697829591518,
    0.9874697103853952,
    0.9888205591108794,
    0.9901155628539055,
    0.9912804077178538,
    0.9922184615562183,
    0.9930229455809539,
    0.9938080444812589,
    0.9945116971361156,
    0.9951409167946803,
    0.9957395280334967,
    0.9962984584302323,
    0.9968195867476841,
    0.9972706242976722,
    0.9976814305726638,
    0.9980825176105983,
    0.998411767611082,
    0.9987094804267509,
    0.9989856656245494,
    0.9992140510542831,
    0.999415577221574,
    0.9995818657121437,
    0.9997370339636565,
    0.9998621899449966,
    0.999950580549841,
    1.0
  ],
  "effective_rank_90pct": 1,
  "effective_rank_95pct": 2,
  "method": "SVD on mean-imputed, min-max normalized (0-100) cleaned matrix"
}