{
  "singular_values": [
    27.02857663070523,
    21.37615878857584,
    14.052114505125987,
    13.038614053217543,
    12.081528269399875,
    10.286281548152965,
    9.889924721792285,
    9.53890808820242,
    9.310431765542944,
    8.157860315979514,
    7.919842512430396,
    7.6868905599557085,
    7.231376994579748,
    6.922895539326747,
    6.861019865002952,
    6.358542833856466,
    6.050985302467507,
    6.001339879501542,
    5.2932615671494485,
    5.136992234006963,
    4.918918684631008,
    4.623054888461683,
    4.598852206224202,
    4.339561647816455,
    3.9898677965168203,
    3.8473231855564207,
    3.5531779056274506,
    3.2530634785012023,
    2.9515884032970745,
    2.752959906161982,
    2.553261254389395,
    2.4518018088124918,
    2.2378824424025976,
    1.901309401011604,
    1.6568414355263106
  ],
  "variance_explained": [
    0.2642111951833293,
    0.16525864902510254,
    0.07141480002357047,
    0.061484794368449246,
    0.052789629412046464,
    0.03826675880212378,
    0.03537454285812596,
    0.03290805335087654,
    0.03135050258981236,
    0.024068963810138674,
    0.022684956752875175,
    0.021370085526486886,
    0.018912409850899557,
    0.017333266780625755,
    0.017024807807582337,
    0.014622447367084066,
    0.013242106014711687,
    0.013025707178768754,
    0.010133315738973402,
    0.009543829733181871,
    0.008750727315013404,
    0.007729705787243934,
    0.007648984309111474,
    0.006810775875298186,
    0.00575733997601519,
    0.005353307665142863,
    0.004566030100918295,
    0.0038272773942706513,
    0.003150768210661042,
    0.0027409722404829638,
    0.0023577370825193893,
    0.0021740803290040546,
    0.001811254186623443,
    0.0013074059451627876,
    0.0009928114077674098
  ],
  "cumulative_variance": [
    0.2642111951833293,
    0.4294698442084318,
    0.5008846442320023,
    0.5623694386004515,
    0.615159068012498,
    0.6534258268146218,
    0.6888003696727477,
    0.7217084230236243,
    0.7530589256134366,
    0.7771278894235752,
    0.7998128461764504,
    0.8211829317029373,
    0.8400953415538369,
    0.8574286083344627,
    0.874453416142045,
    0.889075863509129,
    0.9023179695238407,
    0.9153436767026094,
    0.9254769924415828,
    0.9350208221747647,
    0.943771549489778,
    0.951501255277022,
    0.9591502395861334,
    0.9659610154614316,
    0.9717183554374469,
    0.9770716631025897,
    0.981637693203508,
    0.9854649705977787,
    0.9886157388084398,
    0.9913567110489228,
    0.9937144481314422,
    0.9958885284604462,
    0.9976997826470696,
    0.9990071885922324,
    0.9999999999999998
  ],
  "effective_rank_90pct": 17,
  "method": "SVD on z-score normalized, mean-imputed cleaned matrix"
}