{
  "method": "ridge_regression_from_selected_subset",
  "overall_mae": 5.90313512832642,
  "per_benchmark_mae": {
    "GPQA Diamond": 10.522697682463074,
    "AIME 2025": 13.259290558693971,
    "MMLU": 7.17324570520285,
    "MMLU-Pro": 0.0006871661966898715,
    "SWE-bench Verified": 0.0005402160917151868,
    "MATH-500": 6.98350440972141,
    "LiveCodeBench": 11.031924382891962,
    "FrontierMath": 9.536943479016314,
    "HLE (Humanity's Last Exam)": 10.347221762033566,
    "ARC-AGI-2": 6.737302238460307,
    "BrowseComp": 6.811373655742256,
    "SimpleQA": 12.480429739940483,
    "IFEval": 7.815291457853246,
    "HumanEval": 9.355746836104753,
    "Codeforces Rating": 12.517422260947354,
    "OSWorld": 9.043293199457844,
    "MMMU": 9.39252153395292,
    "MMMU-Pro": 5.070764522507401,
    "Arena-Hard Auto": 0.0005854748780906831,
    "Chatbot Arena Elo": 8.36474663822639,
    "SWE-bench Pro": 8.036871184042674,
    "AIME 2024": 0.0006615782558154219,
    "HMMT Feb 2025": 0.0006302348456718989,
    "Tau-Bench Retail": 4.649583713202732,
    "Tau-Bench Telecom": 4.307879622064584,
    "Video-MMU": 3.866617991838175,
    "MRCR v2": 3.395535261578176,
    "AA Intelligence Index": 5.869643546205175,
    "AA Long Context Reasoning": 6.516288769437315,
    "CritPt": 0.0008358920094296699,
    "GSM8K": 5.73593979058631,
    "IFBench": 5.461931269480442,
    "Terminal-Bench 2.0": 8.140472334863237,
    "Terminal-Bench 1.0": 9.681747611613435,
    "ARC-AGI-1": 0.0006274208489846864,
    "BRUMO 2025": 2.872054639688167,
    "SMT 2025": 0.0007757734614924789,
    "USAMO 2025": 3.973158790918416,
    "HMMT Nov 2025": 3.9820580152805376,
    "CMIMC 2025": 6.866660903197325,
    "IMO 2025": 3.8578129961153707,
    "MathArena Apex 2025": 6.67504640339134,
    "LiveBench": 6.871383963715871,
    "SimpleBench": 4.6951711835951,
    "BigCodeBench": 3.7361589640705417
  },
  "evaluation_protocol": "leave_one_model_out_cv",
  "n_predictor_benchmarks": 8,
  "achieves_mae_under_5": false,
  "scale": "normalized_0_100"
}