{
  "singular_values": [
    542.1970770606944,
    382.59623282974263,
    238.82723240346118,
    217.83507248613526,
    186.18445115540774,
    176.1051778511847,
    173.02075161172883,
    171.63866467638383,
    163.79507382112752,
    145.62681127009702,
    134.58322920553476,
    130.1116546155171,
    126.98599325461326,
    124.57267377067862,
    115.4207403271298,
    109.49367710789954,
    105.26220430108665,
    99.48571379701859,
    97.633241192059,
    91.69408638866007,
    88.96853844502803,
    87.85825795724972,
    83.01149085420786,
    81.25473897405533,
    75.85555436861564,
    75.0265877884356,
    72.877423484762,
    67.77520049556627,
    66.91444355532187,
    60.85981821978722,
    54.735387396271584,
    53.60108545347197,
    49.960589803602716,
    49.82058074524448,
    46.200120761504,
    42.575500984986576,
    38.86921816711913,
    36.93043546746138,
    33.26727420981591,
    30.83784555637209,
    26.067866787436497,
    22.17681341632369,
    15.014433473125935,
    13.650722929839164,
    12.196333565170578
  ],
  "variance_explained": [
    0.3164701333309315,
    0.1575795170129445,
    0.06140250340913954,
    0.05108271776561836,
    0.03731686949767341,
    0.033385865282953536,
    0.03222662122099781,
    0.03171382608651837,
    0.028881520818919405,
    0.022829745289388585,
    0.019498458353912146,
    0.0182242970465162,
    0.017359212779982282,
    0.016705672304140547,
    0.014341219971460378,
    0.01290614284949757,
    0.011927881248657705,
    0.010654665668885368,
    0.010261569719851482,
    0.009051093293826447,
    0.008521014381199872,
    0.00830966587998549,
    0.0074181363793867795,
    0.0071074822702760125,
    0.006194313180732192,
    0.006059667244740043,
    0.005717476737800534,
    0.004944928404508246,
    0.004820123076995394,
    0.003987307115112224,
    0.0032251860927035047,
    0.0030928976957046066,
    0.0026870360896583518,
    0.0026719969457475066,
    0.0022977596965874044,
    0.0019513623438934082,
    0.0016264098515378508,
    0.001468206841296516,
    0.0011913869038893943,
    0.0010237323897911031,
    0.0007315253354949078,
    0.0005294399041079588,
    0.00024268128505313064,
    0.00020059942769725802,
    0.00016013157428500208
  ],
  "cumulative_variance": [
    0.3164701333309315,
    0.47404965034387603,
    0.5354521537530156,
    0.5865348715186339,
    0.6238517410163074,
    0.6572376062992609,
    0.6894642275202587,
    0.7211780536067771,
    0.7500595744256965,
    0.7728893197150851,
    0.7923877780689973,
    0.8106120751155135,
    0.8279712878954958,
    0.8446769601996363,
    0.8590181801710968,
    0.8719243230205943,
    0.883852204269252,
    0.8945068699381374,
    0.9047684396579889,
    0.9138195329518154,
    0.9223405473330153,
    0.9306502132130008,
    0.9380683495923876,
    0.9451758318626636,
    0.9513701450433958,
    0.9574298122881358,
    0.9631472890259364,
    0.9680922174304446,
    0.97291234050744,
    0.9768996476225522,
    0.9801248337152557,
    0.9832177314109604,
    0.9859047675006187,
    0.9885767644463662,
    0.9908745241429536,
    0.992825886486847,
    0.9944522963383848,
    0.9959205031796814,
    0.9971118900835708,
    0.998135622473362,
    0.9988671478088569,
    0.9993965877129648,
    0.9996392689980179,
    0.9998398684257152,
    1.0000000000000002
  ],
  "effective_rank_90pct": 19,
  "effective_rank_95pct": 25
}