{
  "singular_values": [
    541.0675617394056,
    377.4049477919546,
    231.01925795040526,
    212.2347175178208,
    179.909604086127,
    172.26366088579405,
    165.2880557809169,
    162.0511452977545,
    150.34122325479603,
    133.7721463139821,
    126.2956185473791,
    123.79586690941548,
    119.58735098206455,
    107.6783213950371,
    102.78848412832726,
    96.95109035130425,
    93.89018844061991,
    86.73792704362062,
    85.46968670118576,
    82.00115191637828,
    81.10375168069268,
    77.7482800808736,
    72.80707941649356,
    69.16077542061525,
    65.84490209448649,
    60.11750747289829,
    59.11760337117996,
    52.10715799874386,
    49.626415921603304,
    44.32563468226134,
    43.96347442584538,
    38.638208313500755,
    38.313191567552316,
    30.71943168288065,
    23.955150880574482
  ],
  "variance_explained_cumulative": [
    0.34648227735521847,
    0.5150572930283639,
    0.5782219873609064,
    0.6315322577128606,
    0.669840014851407,
    0.7049608936763879,
    0.7372950082062225,
    0.7683750961697804,
    0.7951257369136056,
    0.8163049305065012,
    0.8351828703691977,
    0.8533209089197477,
    0.870246682282882,
    0.8839692247395039,
    0.8964737426366735,
    0.9075983175557402,
    0.9180315396204196,
    0.9269357642421777,
    0.9355815058895702,
    0.9435397624543155,
    0.95132478577954,
    0.9584789616269117,
    0.9647526833318064,
    0.9704137430664106,
    0.9755449832337683,
    0.9798223841866278,
    0.9839586807449938,
    0.9871721400415262,
    0.9900869070949175,
    0.9924122550893546,
    0.9946997600493261,
    0.996466660123512,
    0.9982039596128149,
    0.9993208341336282,
    1.0
  ],
  "effective_rank_90pct": 16,
  "effective_rank_95pct": 21,
  "participation_ratio": 6.126528019300916,
  "effective_rank_chosen": 16,
  "variance_at_chosen_rank": 0.9075983175557402,
  "method": "SVD on min-max normalized, mean-imputed, column-centered filtered matrix"
}