{
  "singular_values": [
    503.485132881462,
    338.0180549609991,
    218.17651480705976,
    200.71125927240695,
    172.47969578553474,
    165.3069470699276,
    151.63889499610775,
    145.83896886946962,
    132.83856014917998,
    119.6454380999121,
    118.73025205263657,
    113.65037687060767,
    98.3782602754717,
    96.59511320097393,
    86.25242221901712,
    84.89930342064262,
    78.60822414839836,
    77.55238744252301,
    70.82737673405519,
    65.43109246137735,
    62.14632009836136,
    56.38737609496993,
    53.00211362607873,
    49.32691550659484,
    44.61226784015693,
    39.64779904875865,
    38.34887710170437,
    32.63265316286023,
    27.901303996827217
  ],
  "variance_explained": [
    0.367248554524047,
    0.1655261408245143,
    0.06896087970105379,
    0.05836201319624133,
    0.04309855882643697,
    0.039588496067664576,
    0.03331256049617975,
    0.030812998521308563,
    0.025564371035643567,
    0.020738583114867544,
    0.020422531403154004,
    0.01871235953909838,
    0.014021196295143406,
    0.01351752260647554,
    0.010777781959649194,
    0.010442273092311917,
    0.008952055444562592,
    0.008713189052268182,
    0.007267568047964932,
    0.006202333805814295,
    0.005595225938400525,
    0.004606282448765487,
    0.0040698009667185465,
    0.003524964205856754,
    0.0028833369324146557,
    0.0022773247182614627,
    0.002130551795254379,
    0.0015427358194168293,
    0.0011278096205115556
  ],
  "cumulative_variance": [
    0.367248554524047,
    0.5327746953485613,
    0.6017355750496151,
    0.6600975882458564,
    0.7031961470722934,
    0.742784643139958,
    0.7760972036361377,
    0.8069102021574462,
    0.8324745731930898,
    0.8532131563079574,
    0.8736356877111113,
    0.8923480472502097,
    0.9063692435453531,
    0.9198867661518286,
    0.9306645481114778,
    0.9411068212037897,
    0.9500588766483523,
    0.9587720657006205,
    0.9660396337485854,
    0.9722419675543996,
    0.9778371934928002,
    0.9824434759415657,
    0.9865132769082842,
    0.990038241114141,
    0.9929215780465556,
    0.995198902764817,
    0.9973294545600714,
    0.9988721903794882,
    0.9999999999999997
  ],
  "effective_rank_90pct": 13,
  "effective_rank_95pct": 17,
  "method": "SVD on mean-imputed, min-max normalized, column-centered matrix"
}