{
  "method": "iterative SVD matrix completion (soft-impute style)",
  "rank_used": 3,
  "evaluation_protocol": "random 80/20 split of observed entries (seed=42)",
  "overall_mae": 13.859658518319467,
  "per_benchmark_mae": {
    "MMLU": 8.069291968221604,
    "AIME 2024": 8.86304795769157,
    "AIME 2025": 8.187340282224893,
    "HLE (Humanity's Last Exam)": 16.277585981428828,
    "Codeforces Rating": 12.277169556144822,
    "ARC-AGI-1": 13.193247017096542,
    "HumanEval": 9.119774691927,
    "GPQA Diamond": 10.966257579374954,
    "SWE-bench Verified": 13.264837707914154,
    "MATH-500": 14.158564594755648,
    "Terminal-Bench 1.0": 21.927826303750006,
    "SWE-bench Pro": 20.18349116474903,
    "SimpleQA": 19.122095997866694,
    "CMIMC 2025": 22.455396381779835,
    "Arena-Hard Auto": 22.900614085708906,
    "MMMU": 17.373988010045533,
    "LiveBench": 12.99155251949325,
    "IFEval": 10.295103138403901,
    "MMLU-Pro": 8.874119036933935,
    "LiveCodeBench": 8.658867102238204,
    "GSM8K": 16.1053664803393,
    "MMMU-Pro": 41.73944793058928,
    "ARC-AGI-2": 12.479285917431842,
    "Tau-Bench Retail": 16.22054382750551,
    "MathArena Apex 2025": 29.464925974470486,
    "HMMT Feb 2025": 20.654681489263243,
    "Terminal-Bench 2.0": 8.623180854452228,
    "OSWorld": 19.957354942877902,
    "SMT 2025": 22.38994465601646,
    "BrowseComp": 24.30311994199789,
    "BRUMO 2025": 5.332715994604636,
    "FrontierMath": 20.500567854643116,
    "CritPt": 14.632525031610575,
    "Chatbot Arena Elo": 26.092042867638142,
    "HMMT Nov 2025": 8.866880471865969
  },
  "n_predictor_benchmarks": 35,
  "achieves_mae_under_5": false
}