{
  "singular_values": [
    3339.2419841290794,
    391.38968033707204,
    320.2931436358925,
    217.15071953937164,
    212.0941275163419,
    175.3454432503821,
    169.3865150270346,
    162.81233603696114,
    157.33497366188595,
    148.78440680116114,
    133.020073281829,
    126.23663760166181,
    123.59974405948722,
    117.22388327907217,
    105.19520445382516,
    97.41835050872413,
    96.23748038686932,
    91.10898846033032,
    86.15553844307685,
    84.03389482384115,
    81.20091518157226,
    78.40692034114662,
    72.94380424065315,
    69.61464198424976,
    68.78620870915101,
    62.32251226583366,
    59.26261685660053,
    57.079775850291924,
    51.90584392533784,
    48.75821323055074,
    44.290762308447,
    42.78420759068059,
    38.42446811268675,
    32.29126899817418,
    24.14521151209871
  ],
  "variance_explained": [
    0.9452173070534313,
    0.012985378764528288,
    0.008696232949116237,
    0.003997223447515088,
    0.0038132314703647353,
    0.0026063026719175134,
    0.0024321678678940286,
    0.0022470384093376534,
    0.0020983910455043267,
    0.0018765092795426069,
    0.001499927426243264,
    0.0013508487254842991,
    0.0012950037430260093,
    0.0011648448639484431,
    0.0009380538383645176,
    0.0008044840247356165,
    0.0007850989003048923,
    0.000703652654856726,
    0.0006292196585646262,
    0.0005986112388164959,
    0.0005589303967355234,
    0.0005211283174516837,
    0.000451037549988194,
    0.0004108062749915688,
    0.0004010870379344589,
    0.000329250000483593,
    0.00029771281566896737,
    0.00027618519779848655,
    0.00022838542973368527,
    0.00020152616729089868,
    0.00016628849056962616,
    0.00015516825151291088,
    0.00012515598133998953,
    8.839060484442484e-05,
    4.941945015897903e-05
  ],
  "cumulative_variance": [
    0.9452173070534313,
    0.9582026858179596,
    0.9668989187670759,
    0.970896142214591,
    0.9747093736849557,
    0.9773156763568732,
    0.9797478442247672,
    0.9819948826341048,
    0.9840932736796092,
    0.9859697829591518,
    0.9874697103853951,
    0.9888205591108794,
    0.9901155628539055,
    0.9912804077178539,
    0.9922184615562184,
    0.993022945580954,
    0.9938080444812589,
    0.9945116971361156,
    0.9951409167946803,
    0.9957395280334969,
    0.9962984584302323,
    0.996819586747684,
    0.9972706242976722,
    0.9976814305726638,
    0.9980825176105983,
    0.9984117676110819,
    0.9987094804267508,
    0.9989856656245493,
    0.999214051054283,
    0.9994155772215738,
    0.9995818657121435,
    0.9997370339636564,
    0.9998621899449964,
    0.9999505805498409,
    0.9999999999999999
  ],
  "effective_rank_90pct": 1,
  "effective_rank_95pct": 2,
  "method": "SVD on min-max normalized (0-100), column-mean imputed matrix"
}