{
  "method": "ridge_regression_from_selected_subset",
  "overall_mae": 3.1941788702301945,
  "per_benchmark_mae": {
    "GPQA Diamond": 5.851433647180178,
    "AIME 2025": 5.716170916296168,
    "MMLU": 5.733921534366217,
    "MMLU-Pro": 4.5712132439248965,
    "SWE-bench Verified": 6.305208668852116,
    "MATH-500": 5.4564483907707,
    "LiveCodeBench": 6.1465937359624405,
    "FrontierMath": 2.692006643978855,
    "HLE (Humanity's Last Exam)": 4.907320704916567,
    "ARC-AGI-2": 3.0778061525365397,
    "BrowseComp": 1.9371269408658243,
    "SimpleQA": 5.934885543135415,
    "IFEval": 5.107898100633911,
    "HumanEval": 5.3609926415819515,
    "Codeforces Rating": 6.337495846663157,
    "OSWorld": 2.992151488116029,
    "MMMU": 3.7875007577955038,
    "MMMU-Pro": 2.867230736807231,
    "Arena-Hard Auto": 2.975364754415831,
    "Chatbot Arena Elo": 2.6137839088017687,
    "SWE-bench Pro": 3.4600821242129816,
    "AIME 2024": 5.95882413412709,
    "HMMT Feb 2025": 0.0,
    "Tau-Bench Retail": 2.047715413267142,
    "Tau-Bench Telecom": 2.197139748307331,
    "Video-MMU": 1.3931001416696491,
    "MRCR v2": 2.0253654688376668,
    "AA Intelligence Index": 1.485717182370445,
    "AA Long Context Reasoning": 1.7895880431515752,
    "CritPt": 1.5277906032844106,
    "SciCode": 1.0100663002951895,
    "MathVision": 1.0714538230401964,
    "GDP-Val AA": 1.200655511618239,
    "GSM8K": 0.0,
    "IFBench": 0.0,
    "Terminal-Bench 2.0": 2.591077656919447,
    "Terminal-Bench 1.0": 0.0,
    "ARC-AGI-1": 3.3283004827860294,
    "BRUMO 2025": 1.6664276223207657,
    "SMT 2025": 2.1824580938467903,
    "USAMO 2025": 1.7130350876127636,
    "HMMT Nov 2025": 1.6317924160665893,
    "CMIMC 2025": 0.0,
    "IMO 2025": 0.0,
    "AIME 2026": 0.48494451287794427,
    "MathArena Apex 2025": 1.9066630689994308,
    "LiveBench": 2.0247753219435056,
    "SimpleBench": 0.0,
    "BigCodeBench": 1.085985434511723
  },
  "evaluation_protocol": "leave_one_model_out_CV_on_normalized_imputed_matrix",
  "n_predictor_benchmarks": 7,
  "achieves_mae_under_5": true,
  "ridge_alpha": 10.0,
  "normalization": "per_benchmark_min_max_0_100",
  "imputation": "iterative_SVD_rank5"
}