{
  "singular_values": [
    3768.4045483366385,
    1264.1402065411023,
    1182.9240926639018,
    1064.739855392858,
    1022.1709288656533,
    108.94630167416979,
    106.84378249685047,
    93.99067804921069,
    84.44751106214005,
    77.82046171888449,
    73.6117892854745,
    71.85775813512296,
    66.53113844474781,
    65.46533342499745,
    61.706665816447256,
    54.81752655928834,
    53.16292260901065,
    49.52827282890136,
    48.9905564778701,
    45.13012109075445,
    43.83758732988016,
    41.047326421786664,
    40.374204125827575,
    37.320464393556,
    30.825832058236713,
    30.173834109620223,
    27.291859757789876,
    23.711226842659887,
    22.19276895919056,
    21.668359996136072,
    18.51622166443598,
    16.369242268077617,
    15.481238251530748,
    12.49040115158076,
    10.438432272766404,
    10.1675068524725,
    9.60870660070552,
    7.700719243870246,
    7.607228828618747,
    6.694701187885933,
    5.77634221617487,
    4.839496120462686,
    4.788219201196112,
    3.9236870994020583,
    3.253762017077202,
    2.8520391161910235,
    1.948883863791534,
    1.462103891206146,
    1.114448633050103
  ],
  "variance_explained_cumulative": [
    0.7293637498464569,
    0.8114404003732417,
    0.883309613572432,
    0.9415355065546215,
    0.9951986595791721,
    0.9958082724395336,
    0.9963945829034762,
    0.9968483141635315,
    0.9972145854249258,
    0.9975256257824296,
    0.9978039326252283,
    0.9980691344227555,
    0.9982964760927339,
    0.998516592240832,
    0.9987121582159724,
    0.9988664944885991,
    0.9990116544460326,
    0.9991376442797366,
    0.9992609132821011,
    0.9993655206160309,
    0.9994642218140578,
    0.9995507582263922,
    0.9996344797425967,
    0.9997060155057179,
    0.9997548198803311,
    0.9998015815632475,
    0.9998398371967279,
    0.9998687132069444,
    0.9998940092225088,
    0.9999181238868161,
    0.9999357328537726,
    0.9999494950038261,
    0.9999618045070019,
    0.9999698172628442,
    0.9999754135461428,
    0.9999807231006499,
    0.9999854650728224,
    0.9999885108050309,
    0.9999914830328617,
    0.9999937849597768,
    0.9999954986604436,
    0.9999967015601755,
    0.9999978791042835,
    0.9999986698154449,
    0.9999992135672431,
    0.9999996313399763,
    0.9999998264147247,
    0.9999999362104929,
    1.0000000000000002
  ],
  "effective_rank_90pct": 4,
  "effective_rank_95pct": 5,
  "total_variance": 19470220.233612902
}