{
  "singular_values": [
    541.0675617394055,
    377.4049477919547,
    231.01925795040526,
    212.2347175178208,
    179.90960408612708,
    172.26366088579408,
    165.28805578091706,
    162.05114529775454,
    150.34122325479612,
    133.77214631398215,
    126.29561854737906,
    123.79586690941542,
    119.58735098206446,
    107.6783213950371,
    102.78848412832713,
    96.9510903513042,
    93.89018844061987,
    86.73792704362064,
    85.46968670118572,
    82.00115191637825,
    81.10375168069262,
    77.74828008087357,
    72.80707941649361,
    69.16077542061525,
    65.84490209448653,
    60.11750747289829,
    59.11760337118002,
    52.10715799874386,
    49.62641592160327,
    44.32563468226135,
    43.9634744258454,
    38.638208313500805,
    38.31319156755235,
    30.71943168288061,
    23.955150880574497
  ],
  "variance_explained": [
    0.3464822773552183,
    0.1685750156731455,
    0.06316469433254243,
    0.053310270351954285,
    0.03830775713854647,
    0.0351208788249809,
    0.032334114529834736,
    0.031080087963557795,
    0.026750640743825188,
    0.02117919359289579,
    0.018877939862696456,
    0.018138038550549913,
    0.016925773363134448,
    0.013722542456621727,
    0.01250451789716957,
    0.011124574919066743,
    0.010433222064679382,
    0.008904224621758114,
    0.008645741647392615,
    0.007958256564745123,
    0.007785023325224564,
    0.007154175847371609,
    0.006273721704894696,
    0.0056610597346042875,
    0.005131240167357658,
    0.004277400952859524,
    0.004136296558365962,
    0.003213459296532324,
    0.0029147670533913855,
    0.0023253479944370607,
    0.002287504959971548,
    0.0017669000741858175,
    0.001737299489303035,
    0.0011168745208132568,
    0.0006791658663718662
  ],
  "cumulative_variance": [
    0.3464822773552183,
    0.5150572930283638,
    0.5782219873609062,
    0.6315322577128605,
    0.669840014851407,
    0.7049608936763879,
    0.7372950082062226,
    0.7683750961697804,
    0.7951257369136056,
    0.8163049305065013,
    0.8351828703691978,
    0.8533209089197478,
    0.8702466822828823,
    0.883969224739504,
    0.8964737426366736,
    0.9075983175557403,
    0.9180315396204196,
    0.9269357642421777,
    0.9355815058895703,
    0.9435397624543155,
    0.95132478577954,
    0.9584789616269117,
    0.9647526833318064,
    0.9704137430664107,
    0.9755449832337684,
    0.9798223841866279,
    0.9839586807449939,
    0.9871721400415262,
    0.9900869070949175,
    0.9924122550893546,
    0.9946997600493261,
    0.9964666601235119,
    0.9982039596128149,
    0.9993208341336282,
    1.0
  ],
  "effective_rank_90pct": 16,
  "effective_rank_elbow": 2,
  "method": "SVD on mean-imputed min-max-normalized column-centered matrix",
  "matrix_shape": [
    80,
    35
  ]
}